0,1,2
0,0610031J06Rik,0610031J06Rik
1,Abt1,Abt1
2,Adar,Adar
3,Aebp2,Aebp2
4,Ahctf1,Ahctf1
5,Ahr,Ahr
6,Apex1,Apex1
7,App,App
8,Arid1a,Arid1a
9,Arid5b,Arid5b
10,Arnt,Arnt
11,Ash1l,Ash1l
12,Ash2l,Ash2l
13,Atf1,Atf1
14,Atf2,Atf2
15,Atf4,Atf4
16,Atf5,Atf5
17,Atf6b,Atf6b
18,Atf7,Atf7
19,Atoh8,Atoh8
20,Atxn1l,Atxn1l
21,Bach1,Bach1
22,Bahd1,Bahd1
23,Baz2a,Baz2a
24,Bcl3,Bcl3
25,Bclaf1,Bclaf1
26,Bhlhe40,Bhlhe40
27,Bmi1,Bmi1
28,Brd4,Brd4
29,Brd7,Brd7
30,C1d,C1d
31,Calcoco1,Calcoco1
32,Camta2,Camta2
33,Carhsp1,Carhsp1
34,Carm1,Carm1
35,Cbfb,Cbfb
36,Cc2d1a,Cc2d1a
37,Cc2d1b,Cc2d1b
38,Ccnt1,Ccnt1
39,Cdc5l,Cdc5l
40,Cdk9,Cdk9
41,Cebpa,Cebpa
42,Cebpb,Cebpb
43,Cebpg,Cebpg
44,Cenpb,Cenpb
45,Cggbp1,Cggbp1
46,Chd1,Chd1
47,Chd4,Chd4
48,Chd8,Chd8
49,Cic,Cic
50,Clock,Clock
51,Cnbp,Cnbp
52,Creb3,Creb3
53,Creb3l2,Creb3l2
54,Creb3l3,Creb3l3
55,Crebl2,Crebl2
56,Crebzf,Crebzf
57,Crem,Crem
58,Cry1,Cry1
59,Cry2,Cry2
60,Csda,Csda
61,Csde1,Csde1
62,Csrnp1,Csrnp1
63,Ctcf,Ctcf
64,Ctnnb1,Ctnnb1
65,Cxxc1,Cxxc1
66,Ddx1,Ddx1
67,Ddx20,Ddx20
68,Ddx41,Ddx41
69,Ddx58,Ddx58
70,Deaf1,Deaf1
71,Dedd,Dedd
72,Dedd2,Dedd2
73,Dhx33,Dhx33
74,Dmap1,Dmap1
75,Dmtf1,Dmtf1
76,Dnajb6,Dnajb6
77,Dnajc2,Dnajc2
78,Dnmt1,Dnmt1
79,Dr1,Dr1
80,Drap1,Drap1
81,E2f4,E2f4
82,E2f5,E2f5
83,E2f6,E2f6
84,Edf1,Edf1
85,Egr1,Egr1
86,Elf1,Elf1
87,Elf2,Elf2
88,Elk4,Elk4
89,Epas1,Epas1
90,Ercc2,Ercc2
91,Ercc3,Ercc3
92,Erf,Erf
93,Esr1,Esr1
94,Esrra,Esrra
95,Ets2,Ets2
96,Etv6,Etv6
97,Fosl2,Fosl2
98,Foxa1,Foxa1
99,Foxa2,Foxa2
100,Foxa3,Foxa3
101,Foxk2,Foxk2
102,Foxn2,Foxn2
103,Foxo1,Foxo1
104,Foxo4,Foxo4
105,Foxp4,Foxp4
106,Foxq1,Foxq1
107,Fubp1,Fubp1
108,Fubp3,Fubp3
109,Gabpa,Gabpa
110,Gata4,Gata4
111,Gata6,Gata6
112,Gatad1,Gatad1
113,Gatad2b,Gatad2b
114,Gm98,Gm98
115,Gmeb2,Gmeb2
116,Gon4l,Gon4l
117,Gpbp1,Gpbp1
118,Grlf1,Grlf1
119,Gtf2a1,Gtf2a1
120,Gtf2b,Gtf2b
121,Gtf2e1,Gtf2e1
122,Gtf2e2,Gtf2e2
123,Gtf2f1,Gtf2f1
124,Gtf2f2,Gtf2f2
125,Gtf2h5,Gtf2h5
126,Gtf2i,Gtf2i
127,Gtf2ird1,Gtf2ird1
128,Gtf3a,Gtf3a
129,Gzf1,Gzf1
130,Hbp1,Hbp1
131,Hdac1,Hdac1
132,Hdac2,Hdac2
133,Hdac3,Hdac3
134,Hdgf,Hdgf
135,Hes1,Hes1
136,Hes6,Hes6
137,Hhex,Hhex
138,Hlf,Hlf
139,Hltf,Hltf
140,Hmg20a,Hmg20a
141,Hmg20b,Hmg20b
142,Hmgb1,Hmgb1
143,Hmgb2,Hmgb2
144,Hmgn5,Hmgn5
145,Hnf1a,Hnf1a
146,Hnf1b,Hnf1b
147,Hnf4a,Hnf4a
148,Hnrnpab,Hnrnpab
149,Hnrnpd,Hnrnpd
150,Hnrnpk,Hnrnpk
151,Hnrpdl,Hnrpdl
152,Hopx,Hopx
153,Hsf1,Hsf1
154,Ilf2,Ilf2
155,Ilf3,Ilf3
156,Irf1,Irf1
157,Irf2,Irf2
158,Irf3,Irf3
159,Irf5,Irf5
160,Irf6,Irf6
161,Irf7,Irf7
162,Irf9,Irf9
163,Jun,Jun
164,Junb,Junb
165,Jund,Jund
166,Kdm1a,Kdm1a
167,Kdm1b,Kdm1b
168,Kdm2a,Kdm2a
169,Kdm3a,Kdm3a
170,Kdm5b,Kdm5b
171,Kdm5c,Kdm5c
172,Kdm6b,Kdm6b
173,Khsrp,Khsrp
174,Klf12,Klf12
175,Klf13,Klf13
176,Klf15,Klf15
177,Klf2,Klf2
178,Klf3,Klf3
179,Klf6,Klf6
180,Klf9,Klf9
181,Lass2,Lass2
182,Lass6,Lass6
183,Ldb1,Ldb1
184,Lmo4,Lmo4
185,Lrpprc,Lrpprc
186,Lrrfip1,Lrrfip1
187,Maf1,Maf1
188,Mafb,Mafb
189,Mafg,Mafg
190,Mafk,Mafk
191,Maz,Maz
192,Mbd1,Mbd1
193,Mbd2,Mbd2
194,Mbd3,Mbd3
195,Med1,Med1
196,Med6,Med6
197,Mef2a,Mef2a
198,Mef2d,Mef2d
199,Men1,Men1
200,Mier1,Mier1
201,Mlx,Mlx
202,Mlxipl,Mlxipl
203,Msl3,Msl3
204,Mta1,Mta1
205,Mta2,Mta2
206,Mterfd1,Mterfd1
207,Mxd4,Mxd4
208,Mxi1,Mxi1
209,Mybbp1a,Mybbp1a
210,Myst3,Myst3
211,Naca,Naca
212,Ncoa1,Ncoa1
213,Ncoa2,Ncoa2
214,Ncoa3,Ncoa3
215,Ncor1,Ncor1
216,Ncor2,Ncor2
217,Nfatc3,Nfatc3
218,Nfe2l1,Nfe2l1
219,Nfe2l2,Nfe2l2
220,Nfia,Nfia
221,Nfib,Nfib
222,Nfic,Nfic
223,Nfil3,Nfil3
224,Nfix,Nfix
225,Nfkb1,Nfkb1
226,Nfkb2,Nfkb2
227,Nfx1,Nfx1
228,Nfyb,Nfyb
229,Nfyc,Nfyc
230,Nkap,Nkap
231,Nolc1,Nolc1
232,Nono,Nono
233,Nostrin,Nostrin
234,Npm1,Npm1
235,Nr0b2,Nr0b2
236,Nr1d1,Nr1d1
237,Nr1d2,Nr1d2
238,Nr1h2,Nr1h2
239,Nr1h3,Nr1h3
240,Nr1h4,Nr1h4
241,Nr1i2,Nr1i2
242,Nr1i3,Nr1i3
243,Nr2c1,Nr2c1
244,Nr2c2,Nr2c2
245,Nr2f2,Nr2f2
246,Nr2f6,Nr2f6
247,Nr3c1,Nr3c1
248,Nr5a2,Nr5a2
249,Onecut2,Onecut2
250,Pa2g4,Pa2g4
251,Pbrm1,Pbrm1
252,Pbx2,Pbx2
253,Pcgf6,Pcgf6
254,Pcna,Pcna
255,Phb,Phb
256,Phf5a,Phf5a
257,Pias1,Pias1
258,Pias2,Pias2
259,Pml,Pml
260,Pnn,Pnn
261,Ppara,Ppara
262,Ppard,Ppard
263,Pparg,Pparg
264,Ppp1r8,Ppp1r8
265,Prdx5,Prdx5
266,Preb,Preb
267,Prox1,Prox1
268,Psip1,Psip1
269,Ptges2,Ptges2
270,Puf60,Puf60
271,Pura,Pura
272,Pus1,Pus1
273,Rara,Rara
274,Rbbp5,Rbbp5
275,Rbck1,Rbck1
276,Rbl2,Rbl2
277,Rbmx,Rbmx
278,Rbmxl1,Rbmxl1
279,Rbpj,Rbpj
280,Rcor1,Rcor1
281,Rela,Rela
282,Rere,Rere
283,Rest,Rest
284,Rfc1,Rfc1
285,Rfxank,Rfxank
286,Rfxap,Rfxap
287,Rnf10,Rnf10
288,Rnf141,Rnf141
289,Rnf4,Rnf4
290,Rnf6,Rnf6
291,Rora,Rora
292,Rorc,Rorc
293,Rps3,Rps3
294,Rptor,Rptor
295,Rreb1,Rreb1
296,Rtf1,Rtf1
297,Ruvbl2,Ruvbl2
298,Rxra,Rxra
299,Rybp,Rybp
300,Safb,Safb
301,Safb2,Safb2
302,Sall1,Sall1
303,Sarnp,Sarnp
304,Set,Set
305,Sfpq,Sfpq
306,Sin3a,Sin3a
307,Smad1,Smad1
308,Smad2,Smad2
309,Smad4,Smad4
310,Smad5,Smad5
311,Smarca2,Smarca2
312,Smarca4,Smarca4
313,Smarca5,Smarca5
314,Smarcc1,Smarcc1
315,Smarcc2,Smarcc2
316,Smarce1,Smarce1
317,Snapc1,Snapc1
318,Sod2,Sod2
319,Son,Son
320,Sp1,Sp1
321,Sp3,Sp3
322,Sra1,Sra1
323,Srebf1,Srebf1
324,Srebf2,Srebf2
325,Srf,Srf
326,Srrt,Srrt
327,Ssrp1,Ssrp1
328,Stat1,Stat1
329,Stat3,Stat3
330,Stat5b,Stat5b
331,Stat6,Stat6
332,Sub1,Sub1
333,Suz12,Suz12
334,Taf1,Taf1
335,Taf10,Taf10
336,Taf11,Taf11
337,Taf12,Taf12
338,Taf13,Taf13
339,Taf1d,Taf1d
340,Taf2,Taf2
341,Taf4a,Taf4a
342,Taf6,Taf6
343,Taf9,Taf9
344,Tardbp,Tardbp
345,Tbl1xr1,Tbl1xr1
346,Tbx3,Tbx3
347,Tcea1,Tcea1
348,Tcea3,Tcea3
349,Tceb3,Tceb3
350,Tcf12,Tcf12
351,Tcf20,Tcf20
352,Tcf25,Tcf25
353,Tcf3,Tcf3
354,Tef,Tef
355,Terf2ip,Terf2ip
356,Tfam,Tfam
357,Tfb1m,Tfb1m
358,Tfdp1,Tfdp1
359,Tfip11,Tfip11
360,Tfpt,Tfpt
361,Tgif1,Tgif1
362,Thap11,Thap11
363,Thap7,Thap7
364,Thoc1,Thoc1
365,Thrb,Thrb
366,Tmf1,Tmf1
367,Tmpo,Tmpo
368,Topors,Topors
369,Trim27,Trim27
370,Trim28,Trim28
371,Trp53,Trp53
372,Ubp1,Ubp1
373,Usf1,Usf1
374,Usf2,Usf2
375,Vps72,Vps72
376,Wbp7,Wbp7
377,Xbp1,Xbp1
378,Xrcc5,Xrcc5
379,Xrcc6,Xrcc6
380,Yap1,Yap1
381,Ybx1,Ybx1
382,Yy1,Yy1
383,Zbtb16,Zbtb16
384,Zbtb22,Zbtb22
385,Zbtb24,Zbtb24
386,Zbtb33,Zbtb33
387,Zbtb41,Zbtb41
388,Zbtb43,Zbtb43
389,Zbtb44,Zbtb44
390,Zbtb48,Zbtb48
391,Zbtb7a,Zbtb7a
392,Zbtb7b,Zbtb7b
393,Zfml,Zfml
394,Zfp1,Zfp1
395,Zfp110,Zfp110
396,Zfp143,Zfp143
397,Zfp148,Zfp148
398,Zfp191,Zfp191
399,Zfp260,Zfp260
400,Zfp281,Zfp281
401,Zfp322a,Zfp322a
402,Zfp35,Zfp35
403,Zfp36,Zfp36
404,Zfp367,Zfp367
405,Zfp384,Zfp384
406,Zfp386,Zfp386
407,Zfp395,Zfp395
408,Zfp410,Zfp410
409,Zfp422,Zfp422
410,Zfp445,Zfp445
411,Zfp511,Zfp511
412,Zfp512,Zfp512
413,Zfp513,Zfp513
414,Zfp523,Zfp523
415,Zfp524,Zfp524
416,Zfp574,Zfp574
417,Zfp592,Zfp592
418,Zfp639,Zfp639
419,Zfp654,Zfp654
420,Zfp664,Zfp664
421,Zfp672,Zfp672
422,Zfp746,Zfp746
423,Zfp750,Zfp750
424,Zfp768,Zfp768
425,Zfp771,Zfp771
426,Zfp787,Zfp787
427,Zfpm1,Zfpm1
428,Zfx,Zfx
429,Zhx1,Zhx1
430,Zhx3,Zhx3
431,Zkscan1,Zkscan1
432,Zkscan17,Zkscan17
433,Zkscan3,Zkscan3
434,Zkscan5,Zkscan5
435,Zscan21,Zscan21
436,Zzz3,Zzz3
437,0610007L01Rik,0610007L01Rik
438,0610007P14Rik,0610007P14Rik
439,0610007P22Rik,0610007P22Rik
440,0610009B22Rik,0610009B22Rik
441,0610009D07Rik,0610009D07Rik
442,0610010F05Rik,0610010F05Rik
443,0610011F06Rik,0610011F06Rik
444,0610012H03Rik,0610012H03Rik
445,0610030E20Rik,0610030E20Rik
446,0610037P05Rik,0610037P05Rik
447,0610040J01Rik,0610040J01Rik
448,0910001L09Rik,0910001L09Rik
449,1100001G20Rik,1100001G20Rik
450,1110001J03Rik,1110001J03Rik
451,1110002B05Rik,1110002B05Rik
452,1110002N22Rik,1110002N22Rik
453,1110007C09Rik,1110007C09Rik
454,1110008F13Rik,1110008F13Rik
455,1110008L16Rik,1110008L16Rik
456,1110008P14Rik,1110008P14Rik
457,1110012L19Rik,1110012L19Rik
458,1110018J18Rik,1110018J18Rik
459,1110031I02Rik,1110031I02Rik
460,1110032A03Rik,1110032A03Rik
461,1110037F02Rik,1110037F02Rik
462,1110038D17Rik,1110038D17Rik
463,1110065P20Rik,1110065P20Rik
464,1110067D22Rik,1110067D22Rik
465,1190003J15Rik,1190003J15Rik
466,1190005F20Rik,1190005F20Rik
467,1190005I06Rik,1190005I06Rik
468,1200011I18Rik,1200011I18Rik
469,1200011M11Rik,1200011M11Rik
470,1300002K09Rik,1300002K09Rik
471,1300010F03Rik,1300010F03Rik
472,1300014I06Rik,1300014I06Rik
473,1300017J02Rik,1300017J02Rik
474,1300018J18Rik,1300018J18Rik
475,1500003O03Rik,1500003O03Rik
476,1500012F01Rik,1500012F01Rik
477,1600002H07Rik,1600002H07Rik
478,1700017B05Rik,1700017B05Rik
479,1700019G17Rik,1700019G17Rik
480,1700021F05Rik,1700021F05Rik
481,1700034H14Rik,1700034H14Rik
482,1700066M21Rik,1700066M21Rik
483,1700123O20Rik,1700123O20Rik
484,1810006K21Rik,1810006K21Rik
485,1810011O10Rik,1810011O10Rik
486,1810031K17Rik,1810031K17Rik
487,1810035L17Rik,1810035L17Rik
488,1810037I17Rik,1810037I17Rik
489,1810049H13Rik,1810049H13Rik
490,1810055G02Rik,1810055G02Rik
491,2010003K11Rik,2010003K11Rik
492,2010011I20Rik,2010011I20Rik
493,2010012O05Rik,2010012O05Rik
494,2010106G01Rik,2010106G01Rik
495,2010107E04Rik,2010107E04Rik
496,2010107H07Rik,2010107H07Rik
497,2010305A19Rik,2010305A19Rik
498,2010321M09Rik,2010321M09Rik
499,2200002D01Rik,2200002D01Rik
500,2300009A05Rik,2300009A05Rik
501,2310004I24Rik,2310004I24Rik
502,2310008H09Rik,2310008H09Rik
503,2310009B15Rik,2310009B15Rik
504,2310011J03Rik,2310011J03Rik
505,2310021P13Rik,2310021P13Rik
506,2310022B05Rik,2310022B05Rik
507,2310030G06Rik,2310030G06Rik
508,2310035C23Rik,2310035C23Rik
509,2310035K24Rik,2310035K24Rik
510,2310036O22Rik,2310036O22Rik
511,2310044G17Rik,2310044G17Rik
512,2310045N01Rik,2310045N01Rik
513,2310061C15Rik,2310061C15Rik
514,2310067B10Rik,2310067B10Rik
515,2410003K15Rik,2410003K15Rik
516,2410004B18Rik,2410004B18Rik
517,2410018M08Rik,2410018M08Rik
518,2410091C18Rik,2410091C18Rik
519,2410127L17Rik,2410127L17Rik
520,2500003M10Rik,2500003M10Rik
521,2510039O18Rik,2510039O18Rik
522,2510049J12Rik,2510049J12Rik
523,2610001J05Rik,2610001J05Rik
524,2610002J02Rik,2610002J02Rik
525,2610002M06Rik,2610002M06Rik
526,2610027L16Rik,2610027L16Rik
527,2610034B18Rik,2610034B18Rik
528,2610507B11Rik,2610507B11Rik
529,2610528J11Rik,2610528J11Rik
530,2700029M09Rik,2700029M09Rik
531,2700050L05Rik,2700050L05Rik
532,2700060E02Rik,2700060E02Rik
533,2700062C07Rik,2700062C07Rik
534,2700089E24Rik,2700089E24Rik
535,2700094K13Rik,2700094K13Rik
536,2810002N01Rik,2810002N01Rik
537,2810004N23Rik,2810004N23Rik
538,2810007J24Rik,2810007J24Rik
539,2810008M24Rik,2810008M24Rik
540,2810025M15Rik,2810025M15Rik
541,2810055F11Rik,2810055F11Rik
542,2810403A07Rik,2810403A07Rik
543,2810407C02Rik,2810407C02Rik
544,2810428I15Rik,2810428I15Rik
545,2810459M11Rik,2810459M11Rik
546,2900097C17Rik,2900097C17Rik
547,3110002H16Rik,3110002H16Rik
548,3110043O21Rik,3110043O21Rik
549,3110057O12Rik,3110057O12Rik
550,3830406C13Rik,3830406C13Rik
551,4833420G17Rik,4833420G17Rik
552,4833439L19Rik,4833439L19Rik
553,4833442J19Rik,4833442J19Rik
554,4921524J17Rik,4921524J17Rik
555,4930420K17Rik,4930420K17Rik
556,4930453N24Rik,4930453N24Rik
557,4930471M23Rik,4930471M23Rik
558,4930506M07Rik,4930506M07Rik
559,4931406C07Rik,4931406C07Rik
560,4932438A13Rik,4932438A13Rik
561,4933403F05Rik,4933403F05Rik
562,4933411K20Rik,4933411K20Rik
563,4933424B01Rik,4933424B01Rik
564,4933426M11Rik,4933426M11Rik
565,4933439F18Rik,4933439F18Rik
566,5033411D12Rik,5033411D12Rik
567,5730403B10Rik,5730403B10Rik
568,5730494N06Rik,5730494N06Rik
569,5830473C10Rik,5830473C10Rik
570,6720456B07Rik,6720456B07Rik
571,8430408G22Rik,8430408G22Rik
572,8430410K20Rik,8430410K20Rik
573,9030617O03Rik,9030617O03Rik
574,9030624J02Rik,9030624J02Rik
575,9030625A04Rik,9030625A04Rik
576,9130011J15Rik,9130011J15Rik
577,9130401M01Rik,9130401M01Rik
578,9130409I23Rik,9130409I23Rik
579,9430016H08Rik,9430016H08Rik
580,9530008L14Rik,9530008L14Rik
581,9930021J03Rik,9930021J03Rik
582,A1cf,A1cf
583,A230046K03Rik,A230046K03Rik
584,A230050P20Rik,A230050P20Rik
585,A2ld1,A2ld1
586,A430107O13Rik,A430107O13Rik
587,AI314180,AI314180
588,AI317395,AI317395
589,AI464131,AI464131
590,AI661453,AI661453
591,AI837181,AI837181
592,AU022252,AU022252
593,AU040320,AU040320
594,AW112010,AW112010
595,AW209491,AW209491
596,Aaas,Aaas
597,Aadac,Aadac
598,Aadat,Aadat
599,Aagab,Aagab
600,Aamp,Aamp
601,Aars,Aars
602,Aarsd1,Aarsd1
603,Aasdhppt,Aasdhppt
604,Aass,Aass
605,Aatf,Aatf
606,Abat,Abat
607,Abca2,Abca2
608,Abca3,Abca3
609,Abca6,Abca6
610,Abca8a,Abca8a
611,Abca8b,Abca8b
612,Abcb11,Abcb11
613,Abcb4,Abcb4
614,Abcb7,Abcb7
615,Abcb8,Abcb8
616,Abcc2,Abcc2
617,Abcc3,Abcc3
618,Abcc6,Abcc6
619,Abcc9,Abcc9
620,Abcd1,Abcd1
621,Abcd3,Abcd3
622,Abce1,Abce1
623,Abcf1,Abcf1
624,Abcf2,Abcf2
625,Abcf3,Abcf3
626,Abcg2,Abcg2
627,Abcg5,Abcg5
628,Abcg8,Abcg8
629,Abhd11,Abhd11
630,Abhd14b,Abhd14b
631,Abhd15,Abhd15
632,Abhd3,Abhd3
633,Abhd5,Abhd5
634,Abi1,Abi1
635,Ablim1,Ablim1
636,Ablim3,Ablim3
637,Abtb1,Abtb1
638,Acaa1b,Acaa1b
639,Acaa2,Acaa2
640,Acacb,Acacb
641,Acad11,Acad11
642,Acadm,Acadm
643,Acads,Acads
644,Acadsb,Acadsb
645,Acadvl,Acadvl
646,Acap2,Acap2
647,Acat1,Acat1
648,Acbd4,Acbd4
649,Acbd5,Acbd5
650,Acbd6,Acbd6
651,Acd,Acd
652,Acer3,Acer3
653,Acin1,Acin1
654,Acnat2,Acnat2
655,Aco1,Aco1
656,Aco2,Aco2
657,Acot12,Acot12
658,Acot13,Acot13
659,Acot4,Acot4
660,Acot7,Acot7
661,Acot8,Acot8
662,Acox1,Acox1
663,Acox2,Acox2
664,Acp1,Acp1
665,Acp2,Acp2
666,Acp5,Acp5
667,Acsf3,Acsf3
668,Acsl1,Acsl1
669,Acsl4,Acsl4
670,Acsl5,Acsl5
671,Acsm1,Acsm1
672,Acsm3,Acsm3
673,Acsm5,Acsm5
674,Acss2,Acss2
675,Actg1,Actg1
676,Actl6a,Actl6a
677,Actn4,Actn4
678,Actr10,Actr10
679,Actr2,Actr2
680,Actr3,Actr3
681,Actr6,Actr6
682,Acvr2a,Acvr2a
683,Acy1,Acy1
684,Acy3,Acy3
685,Acyp1,Acyp1
686,Adam9,Adam9
687,Adamts1,Adamts1
688,Adck3,Adck3
689,Adck4,Adck4
690,Add1,Add1
691,Adh1,Adh1
692,Adh4,Adh4
693,Adhfe1,Adhfe1
694,Adi1,Adi1
695,Adipor1,Adipor1
696,Adk,Adk
697,Ado,Ado
698,Adprhl2,Adprhl2
699,Adra1b,Adra1b
700,Adrbk1,Adrbk1
701,Adrm1,Adrm1
702,Adsl,Adsl
703,Adss,Adss
704,Adssl1,Adssl1
705,Aen,Aen
706,Aes,Aes
707,Afg3l1,Afg3l1
708,Afg3l2,Afg3l2
709,Afm,Afm
710,Afmid,Afmid
711,Aftph,Aftph
712,Aga,Aga
713,Agap3,Agap3
714,Agfg1,Agfg1
715,Aggf1,Aggf1
716,Agl,Agl
717,Agmat,Agmat
718,Agmo,Agmo
719,Agpat2,Agpat2
720,Agpat3,Agpat3
721,Agpat9,Agpat9
722,Agphd1,Agphd1
723,Agt,Agt
724,Agtr1a,Agtr1a
725,Agxt,Agxt
726,Agxt2,Agxt2
727,Agxt2l1,Agxt2l1
728,Ahcy,Ahcy
729,Ahsa2,Ahsa2
730,Ahsg,Ahsg
731,Aifm1,Aifm1
732,Aifm2,Aifm2
733,Aim1,Aim1
734,Aimp1,Aimp1
735,Aimp2,Aimp2
736,Ak2,Ak2
737,Ak3,Ak3
738,Akap1,Akap1
739,Akap11,Akap11
740,Akap13,Akap13
741,Akap8,Akap8
742,Akap8l,Akap8l
743,Akirin1,Akirin1
744,Akr1c12,Akr1c12
745,Akr1c13,Akr1c13
746,Akr1c14,Akr1c14
747,Akr1c19,Akr1c19
748,Akr1c20,Akr1c20
749,Akr1c6,Akr1c6
750,Akr1d1,Akr1d1
751,Akr7a5,Akr7a5
752,Akt1,Akt1
753,Akt1s1,Akt1s1
754,Akt2,Akt2
755,Aktip,Aktip
756,Alas2,Alas2
757,Alb,Alb
758,Alcam,Alcam
759,Aldh16a1,Aldh16a1
760,Aldh1a1,Aldh1a1
761,Aldh1a7,Aldh1a7
762,Aldh1b1,Aldh1b1
763,Aldh1l1,Aldh1l1
764,Aldh2,Aldh2
765,Aldh3a2,Aldh3a2
766,Aldh4a1,Aldh4a1
767,Aldh5a1,Aldh5a1
768,Aldh6a1,Aldh6a1
769,Aldh7a1,Aldh7a1
770,Aldh8a1,Aldh8a1
771,Aldh9a1,Aldh9a1
772,Aldoa,Aldoa
773,Aldob,Aldob
774,Aldoc,Aldoc
775,Alg10b,Alg10b
776,Alg11,Alg11
777,Alg12,Alg12
778,Alg5,Alg5
779,Alg8,Alg8
780,Alkbh2,Alkbh2
781,Alkbh7,Alkbh7
782,Als2,Als2
783,Alyref,Alyref
784,Amacr,Amacr
785,Ambp,Ambp
786,Ambra1,Ambra1
787,Amdhd1,Amdhd1
788,Amdhd2,Amdhd2
789,Amotl2,Amotl2
790,Ampd2,Ampd2
791,Amy1,Amy1
792,Anapc1,Anapc1
793,Anapc16,Anapc16
794,Anapc4,Anapc4
795,Anapc5,Anapc5
796,Ang,Ang
797,Angel2,Angel2
798,Angptl3,Angptl3
799,Ank,Ank
800,Ankfy1,Ankfy1
801,Ankhd1,Ankhd1
802,Ankib1,Ankib1
803,Ankle2,Ankle2
804,Ankmy2,Ankmy2
805,Ankrd11,Ankrd11
806,Ankrd13a,Ankrd13a
807,Ankrd17,Ankrd17
808,Ankrd28,Ankrd28
809,Ankrd33b,Ankrd33b
810,Ankrd40,Ankrd40
811,Anks4b,Anks4b
812,Anp32b,Anp32b
813,Anp32e,Anp32e
814,Anpep,Anpep
815,Antxr2,Antxr2
816,Anxa2,Anxa2
817,Anxa4,Anxa4
818,Anxa7,Anxa7
819,Aox1,Aox1
820,Aox3,Aox3
821,Ap1b1,Ap1b1
822,Ap1m1,Ap1m1
823,Ap2a1,Ap2a1
824,Ap2s1,Ap2s1
825,Ap3s1,Ap3s1
826,Ap3s2,Ap3s2
827,Ap4s1,Ap4s1
828,Apcs,Apcs
829,Apeh,Apeh
830,Api5,Api5
831,Aplp2,Aplp2
832,Apoa1,Apoa1
833,Apoa2,Apoa2
834,Apoa4,Apoa4
835,Apoa5,Apoa5
836,Apob,Apob
837,Apobec1,Apobec1
838,Apoc1,Apoc1
839,Apoc2,Apoc2
840,Apoc3,Apoc3
841,Apoc4,Apoc4
842,Apoe,Apoe
843,Apof,Apof
844,Apoh,Apoh
845,Apol7a,Apol7a
846,Apom,Apom
847,Apon,Apon
848,Appbp2,Appbp2
849,Appl1,Appl1
850,Aprt,Aprt
851,Aqp1,Aqp1
852,Aqp11,Aqp11
853,Aqp8,Aqp8
854,Aqp9,Aqp9
855,Arap1,Arap1
856,Arf1,Arf1
857,Arf4,Arf4
858,Arf5,Arf5
859,Arfgap2,Arfgap2
860,Arfgap3,Arfgap3
861,Arfgef1,Arfgef1
862,Arfgef2,Arfgef2
863,Arfip1,Arfip1
864,Arg1,Arg1
865,Arglu1,Arglu1
866,Arhgap1,Arhgap1
867,Arhgap12,Arhgap12
868,Arhgap17,Arhgap17
869,Arhgap29,Arhgap29
870,Arhgap42,Arhgap42
871,Arhgap5,Arhgap5
872,Arhgdia,Arhgdia
873,Arhgdib,Arhgdib
874,Arhgef1,Arhgef1
875,Arhgef10l,Arhgef10l
876,Arhgef11,Arhgef11
877,Arhgef12,Arhgef12
878,Arhgef18,Arhgef18
879,Arhgef26,Arhgef26
880,Arhgef3,Arhgef3
881,Arhgef5,Arhgef5
882,Arid4a,Arid4a
883,Arl3,Arl3
884,Arl4d,Arl4d
885,Arl6ip6,Arl6ip6
886,Armc1,Armc1
887,Armc8,Armc8
888,Arpc1a,Arpc1a
889,Arpc1b,Arpc1b
890,Arpc2,Arpc2
891,Arpc4,Arpc4
892,Arpc5l,Arpc5l
893,Arpp19,Arpp19
894,Arrb2,Arrb2
895,Arsg,Arsg
896,Asah2,Asah2
897,Asb13,Asb13
898,Asb8,Asb8
899,Ascc3,Ascc3
900,Asf1a,Asf1a
901,Asgr1,Asgr1
902,Asgr2,Asgr2
903,Asl,Asl
904,Asna1,Asna1
905,Asnsd1,Asnsd1
906,Aspdh,Aspdh
907,Aspg,Aspg
908,Aspscr1,Aspscr1
909,Ass1,Ass1
910,Asxl1,Asxl1
911,Atad1,Atad1
912,Atad3a,Atad3a
913,Ate1,Ate1
914,Atg12,Atg12
915,Atg14,Atg14
916,Atg16l1,Atg16l1
917,Atg16l2,Atg16l2
918,Atg2a,Atg2a
919,Atg3,Atg3
920,Atg4c,Atg4c
921,Atg4d,Atg4d
922,Atg5,Atg5
923,Atg9a,Atg9a
924,Atic,Atic
925,Atl2,Atl2
926,Atl3,Atl3
927,Atox1,Atox1
928,Atp11b,Atp11b
929,Atp11c,Atp11c
930,Atp1b3,Atp1b3
931,Atp2b1,Atp2b1
932,Atp2c1,Atp2c1
933,Atp5b,Atp5b
934,Atp5d,Atp5d
935,Atp5f1,Atp5f1
936,Atp5g1,Atp5g1
937,Atp5l,Atp5l
938,Atp5sl,Atp5sl
939,Atp6ap1,Atp6ap1
940,Atp6ap2,Atp6ap2
941,Atp6v0a1,Atp6v0a1
942,Atp6v0a2,Atp6v0a2
943,Atp6v0b,Atp6v0b
944,Atp6v1c1,Atp6v1c1
945,Atp6v1d,Atp6v1d
946,Atp6v1e1,Atp6v1e1
947,Atp6v1h,Atp6v1h
948,Atp7b,Atp7b
949,Atp8b1,Atp8b1
950,Atp9a,Atp9a
951,Atpif1,Atpif1
952,Atrn,Atrn
953,Atrx,Atrx
954,Atxn10,Atxn10
955,Atxn7,Atxn7
956,Aup1,Aup1
957,Avl9,Avl9
958,Avpi1,Avpi1
959,Avpr1a,Avpr1a
960,Azgp1,Azgp1
961,B230118H07Rik,B230118H07Rik
962,B230219D22Rik,B230219D22Rik
963,B2m,B2m
964,B3galnt2,B3galnt2
965,B3galt1,B3galt1
966,B3gnt1,B3gnt1
967,B4galnt1,B4galnt1
968,B4galt1,B4galt1
969,B630005N14Rik,B630005N14Rik
970,B9d2,B9d2
971,BC002230,BC002230
972,BC003266,BC003266
973,BC003331,BC003331
974,BC006779,BC006779
975,BC017647,BC017647
976,BC018507,BC018507
977,BC021614,BC021614
978,BC023829,BC023829
979,BC024659,BC024659
980,BC025446,BC025446
981,BC030336,BC030336
982,BC048355,BC048355
983,BC048546,BC048546
984,BC056474,BC056474
985,BC088983,BC088983
986,BC089597,BC089597
987,Baat,Baat
988,Bace1,Bace1
989,Bag5,Bag5
990,Bag6,Bag6
991,Baiap2l1,Baiap2l1
992,Bak1,Bak1
993,Banf1,Banf1
994,Bap1,Bap1
995,Bbox1,Bbox1
996,Bcap29,Bcap29
997,Bcar1,Bcar1
998,Bcar3,Bcar3
999,Bcas2,Bcas2
1000,Bcas3,Bcas3
1001,Bccip,Bccip
1002,Bche,Bche
1003,Bckdha,Bckdha
1004,Bckdhb,Bckdhb
1005,Bcl10,Bcl10
1006,Bcl2l1,Bcl2l1
1007,Bcl7b,Bcl7b
1008,Bco2,Bco2
1009,Bdh1,Bdh1
1010,Bgn,Bgn
1011,Bhmt,Bhmt
1012,Bhmt2,Bhmt2
1013,Bicd2,Bicd2
1014,Bid,Bid
1015,Bin1,Bin1
1016,Birc2,Birc2
1017,Birc6,Birc6
1018,Blvrb,Blvrb
1019,Bmp1,Bmp1
1020,Bmpr1a,Bmpr1a
1021,Bms1,Bms1
1022,Bnip1,Bnip1
1023,Bnip2,Bnip2
1024,Bnip3l,Bnip3l
1025,Bod1,Bod1
1026,Bola1,Bola1
1027,Bola3,Bola3
1028,Bpnt1,Bpnt1
1029,Brap,Brap
1030,Brcc3,Brcc3
1031,Brd3,Brd3
1032,Brd9,Brd9
1033,Bre,Bre
1034,Bri3,Bri3
1035,Bri3bp,Bri3bp
1036,Brix1,Brix1
1037,Brpf3,Brpf3
1038,Bsg,Bsg
1039,Bst2,Bst2
1040,Btaf1,Btaf1
1041,Btbd1,Btbd1
1042,Btd,Btd
1043,Btf3,Btf3
1044,Btf3l4,Btf3l4
1045,Btg1,Btg1
1046,Btg2,Btg2
1047,Bub3,Bub3
1048,Bysl,Bysl
1049,Bzw1,Bzw1
1050,Bzw2,Bzw2
1051,C030006K11Rik,C030006K11Rik
1052,C030046E11Rik,C030046E11Rik
1053,C030046I01Rik,C030046I01Rik
1054,C1galt1,C1galt1
1055,C1qa,C1qa
1056,C1qb,C1qb
1057,C1qbp,C1qbp
1058,C1qc,C1qc
1059,C1ra,C1ra
1060,C1s,C1s
1061,C2,C2
1062,C2cd2,C2cd2
1063,C3,C3
1064,C330018D20Rik,C330018D20Rik
1065,C4b,C4b
1066,C4bp,C4bp
1067,C6,C6
1068,C77080,C77080
1069,C8a,C8a
1070,C8b,C8b
1071,C8g,C8g
1072,C9,C9
1073,Cab39l,Cab39l
1074,Cables2,Cables2
1075,Cacybp,Cacybp
1076,Cad,Cad
1077,Cadm1,Cadm1
1078,Cald1,Cald1
1079,Camk2n1,Camk2n1
1080,Caml,Caml
1081,Camsap2,Camsap2
1082,Camsap3,Camsap3
1083,Cand1,Cand1
1084,Cant1,Cant1
1085,Canx,Canx
1086,Capn1,Capn1
1087,Capn2,Capn2
1088,Capn7,Capn7
1089,Caprin1,Caprin1
1090,Capza1,Capza1
1091,Capzb,Capzb
1092,Car14,Car14
1093,Car3,Car3
1094,Car5a,Car5a
1095,Card6,Card6
1096,Cars,Cars
1097,Cars2,Cars2
1098,Casc3,Casc3
1099,Caskin2,Caskin2
1100,Casp6,Casp6
1101,Casp7,Casp7
1102,Casp8,Casp8
1103,Cast,Cast
1104,Cat,Cat
1105,Cblc,Cblc
1106,Cbll1,Cbll1
1107,Cbs,Cbs
1108,Cbwd1,Cbwd1
1109,Cbx1,Cbx1
1110,Cbx3,Cbx3
1111,Cbx5,Cbx5
1112,Ccar1,Ccar1
1113,Ccbl1,Ccbl1
1114,Ccbl2,Ccbl2
1115,Ccdc104,Ccdc104
1116,Ccdc109a,Ccdc109a
1117,Ccdc115,Ccdc115
1118,Ccdc127,Ccdc127
1119,Ccdc41,Ccdc41
1120,Ccdc43,Ccdc43
1121,Ccdc53,Ccdc53
1122,Ccdc55,Ccdc55
1123,Ccdc56,Ccdc56
1124,Ccdc58,Ccdc58
1125,Ccdc59,Ccdc59
1126,Ccdc86,Ccdc86
1127,Ccdc9,Ccdc9
1128,Ccdc90a,Ccdc90a
1129,Ccdc97,Ccdc97
1130,Ccl6,Ccl6
1131,Ccl9,Ccl9
1132,Ccnc,Ccnc
1133,Ccnd3,Ccnd3
1134,Ccnf,Ccnf
1135,Ccng2,Ccng2
1136,Ccnh,Ccnh
1137,Ccnl1,Ccnl1
1138,Cct2,Cct2
1139,Cct3,Cct3
1140,Cct4,Cct4
1141,Cct5,Cct5
1142,Cct6a,Cct6a
1143,Cct7,Cct7
1144,Cct8,Cct8
1145,Cd151,Cd151
1146,Cd164,Cd164
1147,Cd1d1,Cd1d1
1148,Cd2bp2,Cd2bp2
1149,Cd300lg,Cd300lg
1150,Cd302,Cd302
1151,Cd36,Cd36
1152,Cd47,Cd47
1153,Cd59a,Cd59a
1154,Cd5l,Cd5l
1155,Cd74,Cd74
1156,Cd82,Cd82
1157,Cd9,Cd9
1158,Cda,Cda
1159,Cdadc1,Cdadc1
1160,Cdc123,Cdc123
1161,Cdc14b,Cdc14b
1162,Cdc16,Cdc16
1163,Cdc27,Cdc27
1164,Cdc34,Cdc34
1165,Cdc37,Cdc37
1166,Cdc40,Cdc40
1167,Cdc42,Cdc42
1168,Cdc42bpb,Cdc42bpb
1169,Cdc42ep1,Cdc42ep1
1170,Cdc42se1,Cdc42se1
1171,Cdc42se2,Cdc42se2
1172,Cdh1,Cdh1
1173,Cdh2,Cdh2
1174,Cdh5,Cdh5
1175,Cdhr5,Cdhr5
1176,Cdk10,Cdk10
1177,Cdk11b,Cdk11b
1178,Cdk16,Cdk16
1179,Cdk17,Cdk17
1180,Cdk18,Cdk18
1181,Cdk2,Cdk2
1182,Cdk20,Cdk20
1183,Cdk2ap1,Cdk2ap1
1184,Cdk2ap2,Cdk2ap2
1185,Cdk4,Cdk4
1186,Cdk5,Cdk5
1187,Cdk5rap3,Cdk5rap3
1188,Cdk8,Cdk8
1189,Cdkn2aip,Cdkn2aip
1190,Cdkn2aipnl,Cdkn2aipnl
1191,Cdo1,Cdo1
1192,Cdv3,Cdv3
1193,Ceacam1,Ceacam1
1194,Ceacam2,Ceacam2
1195,Cebpz,Cebpz
1196,Cela1,Cela1
1197,Cep110,Cep110
1198,Cep57,Cep57
1199,Cept1,Cept1
1200,Ces1c,Ces1c
1201,Ces1d,Ces1d
1202,Ces1e,Ces1e
1203,Ces1f,Ces1f
1204,Ces1g,Ces1g
1205,Ces2a,Ces2a
1206,Ces2e,Ces2e
1207,Ces2g,Ces2g
1208,Cetn2,Cetn2
1209,Cetn3,Cetn3
1210,Cfdp1,Cfdp1
1211,Cfh,Cfh
1212,Cfhr1,Cfhr1
1213,Cfhr2,Cfhr2
1214,Cfhr3,Cfhr3
1215,Cfi,Cfi
1216,Cfl1,Cfl1
1217,Cflar,Cflar
1218,Cfp,Cfp
1219,Cgnl1,Cgnl1
1220,Cgrrf1,Cgrrf1
1221,Chchd10,Chchd10
1222,Chchd4,Chchd4
1223,Chchd5,Chchd5
1224,Chd1l,Chd1l
1225,Chd2,Chd2
1226,Chdh,Chdh
1227,Chfr,Chfr
1228,Chid1,Chid1
1229,Chka,Chka
1230,Chm,Chm
1231,Chmp1a,Chmp1a
1232,Chmp2a,Chmp2a
1233,Chmp2b,Chmp2b
1234,Chmp3,Chmp3
1235,Chmp5,Chmp5
1236,Chmp6,Chmp6
1237,Chn2,Chn2
1238,Chordc1,Chordc1
1239,Chpf2,Chpf2
1240,Chpt1,Chpt1
1241,Chst13,Chst13
1242,Chuk,Chuk
1243,Ciao1,Ciao1
1244,Cib1,Cib1
1245,Cideb,Cideb
1246,Cirh1a,Cirh1a
1247,Cisd1,Cisd1
1248,Cisd2,Cisd2
1249,Cisd3,Cisd3
1250,Cks1b,Cks1b
1251,Cks2,Cks2
1252,Clcc1,Clcc1
1253,Clcn2,Clcn2
1254,Clcn4-2,Clcn4-2
1255,Cldn1,Cldn1
1256,Cldn12,Cldn12
1257,Cldn14,Cldn14
1258,Cldn2,Cldn2
1259,Cldn3,Cldn3
1260,Clec16a,Clec16a
1261,Clec2d,Clec2d
1262,Clec4f,Clec4f
1263,Clec4g,Clec4g
1264,Clic1,Clic1
1265,Clic4,Clic4
1266,Clip1,Clip1
1267,Clk1,Clk1
1268,Clk3,Clk3
1269,Clk4,Clk4
1270,Clmn,Clmn
1271,Clns1a,Clns1a
1272,Clp1,Clp1
1273,Clpb,Clpb
1274,Clpp,Clpp
1275,Clptm1,Clptm1
1276,Clta,Clta
1277,Clu,Clu
1278,Clybl,Clybl
1279,Cmah,Cmah
1280,Cmas,Cmas
1281,Cmbl,Cmbl
1282,Cml1,Cml1
1283,Cml2,Cml2
1284,Cml5,Cml5
1285,Cmpk1,Cmpk1
1286,Cmtm6,Cmtm6
1287,Cndp2,Cndp2
1288,Cnn3,Cnn3
1289,Cnnm3,Cnnm3
1290,Cnot10,Cnot10
1291,Cnot2,Cnot2
1292,Cnot3,Cnot3
1293,Cnot6,Cnot6
1294,Cnot6l,Cnot6l
1295,Cnot7,Cnot7
1296,Cnpy2,Cnpy2
1297,Cnpy3,Cnpy3
1298,Coasy,Coasy
1299,Cobl,Cobl
1300,Cog3,Cog3
1301,Cog4,Cog4
1302,Cog7,Cog7
1303,Col3a1,Col3a1
1304,Col4a1,Col4a1
1305,Col4a2,Col4a2
1306,Colec10,Colec10
1307,Colec11,Colec11
1308,Colec12,Colec12
1309,Commd2,Commd2
1310,Commd3,Commd3
1311,Commd6,Commd6
1312,Comt,Comt
1313,Copa,Copa
1314,Copg,Copg
1315,Cops2,Cops2
1316,Cops3,Cops3
1317,Cops4,Cops4
1318,Cops5,Cops5
1319,Cops6,Cops6
1320,Cops7a,Cops7a
1321,Cops8,Cops8
1322,Copz2,Copz2
1323,Coq10a,Coq10a
1324,Coq3,Coq3
1325,Coq5,Coq5
1326,Coq6,Coq6
1327,Coq9,Coq9
1328,Coro1b,Coro1b
1329,Coro1c,Coro1c
1330,Cox15,Cox15
1331,Cox17,Cox17
1332,Cox19,Cox19
1333,Cox4i1,Cox4i1
1334,Cox5a,Cox5a
1335,Cox5b,Cox5b
1336,Cox6a1,Cox6a1
1337,Cox6b1,Cox6b1
1338,Cox7a2,Cox7a2
1339,Cox7a2l,Cox7a2l
1340,Cox7c,Cox7c
1341,Cox8a,Cox8a
1342,Cp,Cp
1343,Cpb2,Cpb2
1344,Cpd,Cpd
1345,Cpeb2,Cpeb2
1346,Cpeb4,Cpeb4
1347,Cpn1,Cpn1
1348,Cpn2,Cpn2
1349,Cpped1,Cpped1
1350,Cps1,Cps1
1351,Cpsf1,Cpsf1
1352,Cpsf2,Cpsf2
1353,Cpsf3,Cpsf3
1354,Cpsf3l,Cpsf3l
1355,Cpsf4,Cpsf4
1356,Cpsf6,Cpsf6
1357,Cpsf7,Cpsf7
1358,Cpt2,Cpt2
1359,Cr1l,Cr1l
1360,Cradd,Cradd
1361,Crat,Crat
1362,Crb3,Crb3
1363,Crbn,Crbn
1364,Crcp,Crcp
1365,Creg1,Creg1
1366,Creld1,Creld1
1367,Crim1,Crim1
1368,Crip1,Crip1
1369,Crip2,Crip2
1370,Crkl,Crkl
1371,Crlf3,Crlf3
1372,Crnkl1,Crnkl1
1373,Crot,Crot
1374,Crp,Crp
1375,Cryl1,Cryl1
1376,Cryz,Cryz
1377,Cs,Cs
1378,Cse1l,Cse1l
1379,Csgalnact2,Csgalnact2
1380,Csk,Csk
1381,Csnk1g2,Csnk1g2
1382,Csnk1g3,Csnk1g3
1383,Csnk2a1,Csnk2a1
1384,Csnk2a2,Csnk2a2
1385,Csnk2b,Csnk2b
1386,Csrp1,Csrp1
1387,Csrp3,Csrp3
1388,Cst3,Cst3
1389,Cstf1,Cstf1
1390,Cstf3,Cstf3
1391,Ctage5,Ctage5
1392,Ctbp1,Ctbp1
1393,Ctdnep1,Ctdnep1
1394,Ctdsp1,Ctdsp1
1395,Cth,Cth
1396,Ctnna1,Ctnna1
1397,Ctnnbip1,Ctnnbip1
1398,Ctnnbl1,Ctnnbl1
1399,Ctnnd1,Ctnnd1
1400,Ctps,Ctps
1401,Ctsa,Ctsa
1402,Ctsb,Ctsb
1403,Ctsc,Ctsc
1404,Ctsd,Ctsd
1405,Ctsf,Ctsf
1406,Ctsh,Ctsh
1407,Ctso,Ctso
1408,Ctss,Ctss
1409,Ctsz,Ctsz
1410,Cttn,Cttn
1411,Cul1,Cul1
1412,Cul3,Cul3
1413,Cul4a,Cul4a
1414,Cul4b,Cul4b
1415,Cul5,Cul5
1416,Cutc,Cutc
1417,Cwc15,Cwc15
1418,Cwc27,Cwc27
1419,Cwf19l1,Cwf19l1
1420,Cwf19l2,Cwf19l2
1421,Cxadr,Cxadr
1422,Cxcl12,Cxcl12
1423,Cxxc5,Cxxc5
1424,Cyb5,Cyb5
1425,Cyb561,Cyb561
1426,Cyb5b,Cyb5b
1427,Cyb5r3,Cyb5r3
1428,Cyba,Cyba
1429,Cyc1,Cyc1
1430,Cycs,Cycs
1431,Cyhr1,Cyhr1
1432,Cyld,Cyld
1433,Cyp1a2,Cyp1a2
1434,Cyp26a1,Cyp26a1
1435,Cyp27a1,Cyp27a1
1436,Cyp2a12,Cyp2a12
1437,Cyp2c29,Cyp2c29
1438,Cyp2c37,Cyp2c37
1439,Cyp2c38,Cyp2c38
1440,Cyp2c44,Cyp2c44
1441,Cyp2c50,Cyp2c50
1442,Cyp2c54,Cyp2c54
1443,Cyp2c55,Cyp2c55
1444,Cyp2c68,Cyp2c68
1445,Cyp2c70,Cyp2c70
1446,Cyp2d10,Cyp2d10
1447,Cyp2d12,Cyp2d12
1448,Cyp2d22,Cyp2d22
1449,Cyp2d26,Cyp2d26
1450,Cyp2d9,Cyp2d9
1451,Cyp2e1,Cyp2e1
1452,Cyp2f2,Cyp2f2
1453,Cyp2j5,Cyp2j5
1454,Cyp2j6,Cyp2j6
1455,Cyp2r1,Cyp2r1
1456,Cyp3a11,Cyp3a11
1457,Cyp3a13,Cyp3a13
1458,Cyp3a25,Cyp3a25
1459,Cyp4a31,Cyp4a31
1460,Cyp4f13,Cyp4f13
1461,Cyp4f14,Cyp4f14
1462,Cyp4f15,Cyp4f15
1463,Cyp4v3,Cyp4v3
1464,Cyp7a1,Cyp7a1
1465,Cyp7b1,Cyp7b1
1466,Cyp8b1,Cyp8b1
1467,Cyth2,Cyth2
1468,D030016E14Rik,D030016E14Rik
1469,D030056L22Rik,D030056L22Rik
1470,D0H4S114,D0H4S114
1471,D10Jhu81e,D10Jhu81e
1472,D10Wsu102e,D10Wsu102e
1473,D14Abb1e,D14Abb1e
1474,D15Ertd621e,D15Ertd621e
1475,D16Ertd472e,D16Ertd472e
1476,D16H22S680E,D16H22S680E
1477,D17H6S56E-5,D17H6S56E-5
1478,D17Wsu104e,D17Wsu104e
1479,D17Wsu92e,D17Wsu92e
1480,D19Bwg1357e,D19Bwg1357e
1481,D19Wsu162e,D19Wsu162e
1482,D1Ertd622e,D1Ertd622e
1483,D230025D16Rik,D230025D16Rik
1484,D4Bwg0951e,D4Bwg0951e
1485,D5Ertd579e,D5Ertd579e
1486,D630039A03Rik,D630039A03Rik
1487,D730039F16Rik,D730039F16Rik
1488,D9Ertd402e,D9Ertd402e
1489,Dag1,Dag1
1490,Dak,Dak
1491,Dalrd3,Dalrd3
1492,Dap3,Dap3
1493,Dapk1,Dapk1
1494,Dapk3,Dapk3
1495,Dars2,Dars2
1496,Dazap1,Dazap1
1497,Dazap2,Dazap2
1498,Dbnl,Dbnl
1499,Dbr1,Dbr1
1500,Dcaf10,Dcaf10
1501,Dcaf11,Dcaf11
1502,Dcaf12,Dcaf12
1503,Dcaf13,Dcaf13
1504,Dcaf5,Dcaf5
1505,Dcaf8,Dcaf8
1506,Dcakd,Dcakd
1507,Dclre1a,Dclre1a
1508,Dcn,Dcn
1509,Dctn1,Dctn1
1510,Dctn2,Dctn2
1511,Dctpp1,Dctpp1
1512,Dcun1d1,Dcun1d1
1513,Dcun1d5,Dcun1d5
1514,Dcxr,Dcxr
1515,Ddah1,Ddah1
1516,Ddc,Ddc
1517,Ddrgk1,Ddrgk1
1518,Ddt,Ddt
1519,Ddx10,Ddx10
1520,Ddx18,Ddx18
1521,Ddx19a,Ddx19a
1522,Ddx21,Ddx21
1523,Ddx27,Ddx27
1524,Ddx39,Ddx39
1525,Ddx39b,Ddx39b
1526,Ddx3x,Ddx3x
1527,Ddx42,Ddx42
1528,Ddx46,Ddx46
1529,Ddx47,Ddx47
1530,Ddx49,Ddx49
1531,Ddx5,Ddx5
1532,Ddx52,Ddx52
1533,Ddx54,Ddx54
1534,Ddx56,Ddx56
1535,Ddx6,Ddx6
1536,Decr1,Decr1
1537,Decr2,Decr2
1538,Degs1,Degs1
1539,Dek,Dek
1540,Dennd4a,Dennd4a
1541,Dennd4c,Dennd4c
1542,Dennd5a,Dennd5a
1543,Dennd5b,Dennd5b
1544,Denr,Denr
1545,Depdc7,Depdc7
1546,Deptor,Deptor
1547,Dera,Dera
1548,Derl2,Derl2
1549,Dgat1,Dgat1
1550,Dgat2,Dgat2
1551,Dgcr2,Dgcr2
1552,Dgcr6,Dgcr6
1553,Dgka,Dgka
1554,Dgkq,Dgkq
1555,Dgkz,Dgkz
1556,Dhdds,Dhdds
1557,Dhdh,Dhdh
1558,Dhfr,Dhfr
1559,Dhrs1,Dhrs1
1560,Dhrs11,Dhrs11
1561,Dhrs3,Dhrs3
1562,Dhrs4,Dhrs4
1563,Dhrs7,Dhrs7
1564,Dhtkd1,Dhtkd1
1565,Dhx15,Dhx15
1566,Dhx16,Dhx16
1567,Dhx29,Dhx29
1568,Dhx30,Dhx30
1569,Dhx36,Dhx36
1570,Dhx38,Dhx38
1571,Dhx40,Dhx40
1572,Dhx58,Dhx58
1573,Dhx8,Dhx8
1574,Dhx9,Dhx9
1575,Dicer1,Dicer1
1576,Dido1,Dido1
1577,Dio1,Dio1
1578,Dirc2,Dirc2
1579,Dis3,Dis3
1580,Dis3l2,Dis3l2
1581,Dkc1,Dkc1
1582,Dlat,Dlat
1583,Dld,Dld
1584,Dlg1,Dlg1
1585,Dlst,Dlst
1586,Dmgdh,Dmgdh
1587,Dmxl2,Dmxl2
1588,Dnaja3,Dnaja3
1589,Dnajb12,Dnajb12
1590,Dnajb2,Dnajb2
1591,Dnajb9,Dnajb9
1592,Dnajc10,Dnajc10
1593,Dnajc12,Dnajc12
1594,Dnajc14,Dnajc14
1595,Dnajc15,Dnajc15
1596,Dnajc19,Dnajc19
1597,Dnajc22,Dnajc22
1598,Dnajc24,Dnajc24
1599,Dnajc4,Dnajc4
1600,Dnajc7,Dnajc7
1601,Dnajc8,Dnajc8
1602,Dnajc9,Dnajc9
1603,Dnase2b,Dnase2b
1604,Dnlz,Dnlz
1605,Dnm1l,Dnm1l
1606,Dnm2,Dnm2
1607,Dnmbp,Dnmbp
1608,Dnttip1,Dnttip1
1609,Dnttip2,Dnttip2
1610,Dock1,Dock1
1611,Dock4,Dock4
1612,Dock8,Dock8
1613,Dohh,Dohh
1614,Dopey2,Dopey2
1615,Dot1l,Dot1l
1616,Dpf2,Dpf2
1617,Dph3,Dph3
1618,Dpp4,Dpp4
1619,Dpp7,Dpp7
1620,Dpy19l1,Dpy19l1
1621,Dpy30,Dpy30
1622,Dpyd,Dpyd
1623,Dpys,Dpys
1624,Dram2,Dram2
1625,Drg1,Drg1
1626,Drg2,Drg2
1627,Dsc2,Dsc2
1628,Dsg2,Dsg2
1629,Dsp,Dsp
1630,Dstn,Dstn
1631,Dtnbp1,Dtnbp1
1632,Dtwd1,Dtwd1
1633,Dtx3l,Dtx3l
1634,Dtymk,Dtymk
1635,Dus1l,Dus1l
1636,Dusp1,Dusp1
1637,Dusp11,Dusp11
1638,Dusp16,Dusp16
1639,Dusp22,Dusp22
1640,Dusp23,Dusp23
1641,Dusp3,Dusp3
1642,Dut,Dut
1643,Dym,Dym
1644,Dync1h1,Dync1h1
1645,Dynll1,Dynll1
1646,Dynll2,Dynll2
1647,Dynlt3,Dynlt3
1648,Dyrk1a,Dyrk1a
1649,E430025E21Rik,E430025E21Rik
1650,Eaf1,Eaf1
1651,Eapp,Eapp
1652,Ebag9,Ebag9
1653,Ebna1bp2,Ebna1bp2
1654,Ebpl,Ebpl
1655,Ecd,Ecd
1656,Ech1,Ech1
1657,Echdc1,Echdc1
1658,Echdc2,Echdc2
1659,Echdc3,Echdc3
1660,Echs1,Echs1
1661,Eci1,Eci1
1662,Ecm1,Ecm1
1663,Ecsit,Ecsit
1664,Edc4,Edc4
1665,Edem2,Edem2
1666,Eed,Eed
1667,Eef1a1,Eef1a1
1668,Eef1b2,Eef1b2
1669,Eef1d,Eef1d
1670,Eef1e1,Eef1e1
1671,Eef1g,Eef1g
1672,Eefsec,Eefsec
1673,Efemp1,Efemp1
1674,Efhd2,Efhd2
1675,Efna1,Efna1
1676,Efnb1,Efnb1
1677,Efr3a,Efr3a
1678,Eftud1,Eftud1
1679,Eftud2,Eftud2
1680,Egfr,Egfr
1681,Ehd1,Ehd1
1682,Ehd3,Ehd3
1683,Ehd4,Ehd4
1684,Ehhadh,Ehhadh
1685,Ehmt1,Ehmt1
1686,Ehmt2,Ehmt2
1687,Eid1,Eid1
1688,Eif1a,Eif1a
1689,Eif1ad,Eif1ad
1690,Eif1ax,Eif1ax
1691,Eif2a,Eif2a
1692,Eif2ak1,Eif2ak1
1693,Eif2c1,Eif2c1
1694,Eif2d,Eif2d
1695,Eif2s2,Eif2s2
1696,Eif2s3x,Eif2s3x
1697,Eif3a,Eif3a
1698,Eif3b,Eif3b
1699,Eif3c,Eif3c
1700,Eif3d,Eif3d
1701,Eif3e,Eif3e
1702,Eif3f,Eif3f
1703,Eif3g,Eif3g
1704,Eif3h,Eif3h
1705,Eif3i,Eif3i
1706,Eif3k,Eif3k
1707,Eif3l,Eif3l
1708,Eif3m,Eif3m
1709,Eif4a1,Eif4a1
1710,Eif4a2,Eif4a2
1711,Eif4b,Eif4b
1712,Eif4e,Eif4e
1713,Eif4ebp2,Eif4ebp2
1714,Eif4g1,Eif4g1
1715,Eif4g2,Eif4g2
1716,Eif4g3,Eif4g3
1717,Eif4h,Eif4h
1718,Eif5a,Eif5a
1719,Eif6,Eif6
1720,Elac2,Elac2
1721,Elavl1,Elavl1
1722,Ell2,Ell2
1723,Elmo3,Elmo3
1724,Elovl1,Elovl1
1725,Elovl2,Elovl2
1726,Elovl5,Elovl5
1727,Elp2,Elp2
1728,Elp3,Elp3
1729,Emg1,Emg1
1730,Emilin1,Emilin1
1731,Eml4,Eml4
1732,Endog,Endog
1733,Eng,Eng
1734,Enox2,Enox2
1735,Enpep,Enpep
1736,Enpp2,Enpp2
1737,Enpp3,Enpp3
1738,Ensa,Ensa
1739,Entpd5,Entpd5
1740,Entpd8,Entpd8
1741,Ep400,Ep400
1742,Epc1,Epc1
1743,Epha1,Epha1
1744,Epha2,Epha2
1745,Ephb4,Ephb4
1746,Ephx1,Ephx1
1747,Ephx2,Ephx2
1748,Epm2aip1,Epm2aip1
1749,Epn1,Epn1
1750,Eps15,Eps15
1751,Eps15l1,Eps15l1
1752,Eps8l2,Eps8l2
1753,Ept1,Ept1
1754,Eral1,Eral1
1755,Erap1,Erap1
1756,Erbb2ip,Erbb2ip
1757,Erbb3,Erbb3
1758,Erc1,Erc1
1759,Ercc5,Ercc5
1760,Ergic2,Ergic2
1761,Erh,Erh
1762,Eri1,Eri1
1763,Eri3,Eri3
1764,Erlec1,Erlec1
1765,Erlin2,Erlin2
1766,Ermp1,Ermp1
1767,Ern1,Ern1
1768,Ero1lb,Ero1lb
1769,Errfi1,Errfi1
1770,Esco1,Esco1
1771,Esd,Esd
1772,Esf1,Esf1
1773,Esrp2,Esrp2
1774,Esyt1,Esyt1
1775,Etf1,Etf1
1776,Etfb,Etfb
1777,Etfdh,Etfdh
1778,Ethe1,Ethe1
1779,Etnk2,Etnk2
1780,Evi5,Evi5
1781,Ewsr1,Ewsr1
1782,Exoc2,Exoc2
1783,Exoc3,Exoc3
1784,Exosc1,Exosc1
1785,Exosc10,Exosc10
1786,Exosc3,Exosc3
1787,Exosc4,Exosc4
1788,Exosc5,Exosc5
1789,Extl2,Extl2
1790,F10,F10
1791,F11,F11
1792,F12,F12
1793,F13b,F13b
1794,F2,F2
1795,F5,F5
1796,F7,F7
1797,F9,F9
1798,Faah,Faah
1799,Fabp1,Fabp1
1800,Fabp2,Fabp2
1801,Fabp4,Fabp4
1802,Fads6,Fads6
1803,Faf1,Faf1
1804,Fah,Fah
1805,Fahd1,Fahd1
1806,Faim,Faim
1807,Fam102a,Fam102a
1808,Fam105b,Fam105b
1809,Fam107b,Fam107b
1810,Fam108c,Fam108c
1811,Fam120b,Fam120b
1812,Fam126b,Fam126b
1813,Fam134a,Fam134a
1814,Fam135a,Fam135a
1815,Fam136a,Fam136a
1816,Fam149a,Fam149a
1817,Fam149b,Fam149b
1818,Fam167b,Fam167b
1819,Fam168a,Fam168a
1820,Fam168b,Fam168b
1821,Fam176a,Fam176a
1822,Fam178a,Fam178a
1823,Fam188a,Fam188a
1824,Fam193a,Fam193a
1825,Fam193b,Fam193b
1826,Fam195a,Fam195a
1827,Fam195b,Fam195b
1828,Fam20a,Fam20a
1829,Fam20c,Fam20c
1830,Fam25c,Fam25c
1831,Fam32a,Fam32a
1832,Fam35a,Fam35a
1833,Fam36a,Fam36a
1834,Fam3a,Fam3a
1835,Fam47e,Fam47e
1836,Fam48a,Fam48a
1837,Fam53c,Fam53c
1838,Fam54b,Fam54b
1839,Fam59a,Fam59a
1840,Fam82a1,Fam82a1
1841,Fam82b,Fam82b
1842,Fam83h,Fam83h
1843,Fam92a,Fam92a
1844,Fam96a,Fam96a
1845,Fam98a,Fam98a
1846,Farp2,Farp2
1847,Farsb,Farsb
1848,Fas,Fas
1849,Fastk,Fastk
1850,Fastkd2,Fastkd2
1851,Fastkd3,Fastkd3
1852,Fat1,Fat1
1853,Fau,Fau
1854,Fbl,Fbl
1855,Fbp1,Fbp1
1856,Fbrs,Fbrs
1857,Fbxl15,Fbxl15
1858,Fbxl17,Fbxl17
1859,Fbxl3,Fbxl3
1860,Fbxl6,Fbxl6
1861,Fbxo21,Fbxo21
1862,Fbxo25,Fbxo25
1863,Fbxo3,Fbxo3
1864,Fbxo31,Fbxo31
1865,Fbxo38,Fbxo38
1866,Fbxo4,Fbxo4
1867,Fbxo45,Fbxo45
1868,Fbxo8,Fbxo8
1869,Fbxw2,Fbxw2
1870,Fbxw5,Fbxw5
1871,Fbxw8,Fbxw8
1872,Fbxw9,Fbxw9
1873,Fcer1g,Fcer1g
1874,Fcgr2b,Fcgr2b
1875,Fcgrt,Fcgrt
1876,Fcho2,Fcho2
1877,Fcna,Fcna
1878,Fdx1,Fdx1
1879,Fdxr,Fdxr
1880,Fech,Fech
1881,Fem1b,Fem1b
1882,Fem1c,Fem1c
1883,Fen1,Fen1
1884,Fermt2,Fermt2
1885,Fetub,Fetub
1886,Fga,Fga
1887,Fgb,Fgb
1888,Fgf1,Fgf1
1889,Fgfr1op,Fgfr1op
1890,Fgfr1op2,Fgfr1op2
1891,Fgfr2,Fgfr2
1892,Fgfr3,Fgfr3
1893,Fgfr4,Fgfr4
1894,Fgg,Fgg
1895,Fggy,Fggy
1896,Fgl1,Fgl1
1897,Fh1,Fh1
1898,Fibp,Fibp
1899,Fip1l1,Fip1l1
1900,Fitm1,Fitm1
1901,Fitm2,Fitm2
1902,Fkbp15,Fkbp15
1903,Fkbp1a,Fkbp1a
1904,Fkbp2,Fkbp2
1905,Fkbp3,Fkbp3
1906,Fkbp8,Fkbp8
1907,Fkbp9,Fkbp9
1908,Fkrp,Fkrp
1909,Flii,Flii
1910,Flnb,Flnb
1911,Flot1,Flot1
1912,Flot2,Flot2
1913,Fmo1,Fmo1
1914,Fmo5,Fmo5
1915,Fmr1,Fmr1
1916,Fn1,Fn1
1917,Fnbp4,Fnbp4
1918,Fndc3b,Fndc3b
1919,Fndc4,Fndc4
1920,Fnip1,Fnip1
1921,Fnta,Fnta
1922,Foxred1,Foxred1
1923,Fpgs,Fpgs
1924,Fpgt,Fpgt
1925,Frg1,Frg1
1926,Frmd8,Frmd8
1927,Ftcd,Ftcd
1928,Ftl1,Ftl1
1929,Fto,Fto
1930,Ftsj2,Ftsj2
1931,Ftsj3,Ftsj3
1932,Fuca1,Fuca1
1933,Furin,Furin
1934,Fus,Fus
1935,Fxn,Fxn
1936,Fxr1,Fxr1
1937,Fxr2,Fxr2
1938,Fxyd1,Fxyd1
1939,Fyco1,Fyco1
1940,Fyttd1,Fyttd1
1941,G0s2,G0s2
1942,G3bp1,G3bp1
1943,G3bp2,G3bp2
1944,G6pc,G6pc
1945,Gaa,Gaa
1946,Gabarap,Gabarap
1947,Gabarapl1,Gabarapl1
1948,Gabarapl2,Gabarapl2
1949,Gadd45gip1,Gadd45gip1
1950,Gale,Gale
1951,Galk1,Galk1
1952,Galm,Galm
1953,Galnt1,Galnt1
1954,Gapdh,Gapdh
1955,Gapvd1,Gapvd1
1956,Gar1,Gar1
1957,Gars,Gars
1958,Gart,Gart
1959,Gas2,Gas2
1960,Gas6,Gas6
1961,Gbe1,Gbe1
1962,Gbp6,Gbp6
1963,Gc,Gc
1964,Gca,Gca
1965,Gcdh,Gcdh
1966,Gcgr,Gcgr
1967,Gch1,Gch1
1968,Gchfr,Gchfr
1969,Gck,Gck
1970,Gckr,Gckr
1971,Gcn1l1,Gcn1l1
1972,Gcsh,Gcsh
1973,Gda,Gda
1974,Gdf2,Gdf2
1975,Gdi1,Gdi1
1976,Gemin6,Gemin6
1977,Gemin7,Gemin7
1978,Gfer,Gfer
1979,Gfm1,Gfm1
1980,Gfm2,Gfm2
1981,Gfpt1,Gfpt1
1982,Gfra1,Gfra1
1983,Ggcx,Ggcx
1984,Ggh,Ggh
1985,Ggnbp2,Ggnbp2
1986,Ggt6,Ggt6
1987,Ghr,Ghr
1988,Gigyf2,Gigyf2
1989,Gimap4,Gimap4
1990,Gimap9,Gimap9
1991,Gins4,Gins4
1992,Gipc1,Gipc1
1993,Gjb1,Gjb1
1994,Gjb2,Gjb2
1995,Gkap1,Gkap1
1996,Gldc,Gldc
1997,Gle1,Gle1
1998,Glod4,Glod4
1999,Glrx,Glrx
2000,Glrx3,Glrx3
2001,Gls2,Gls2
2002,Glt8d1,Glt8d1
2003,Glul,Glul
2004,Glyat,Glyat
2005,Glyctk,Glyctk
2006,Gm13152,Gm13152
2007,Gm14327,Gm14327
2008,Gm16517,Gm16517
2009,Gm2a,Gm2a
2010,Gm4788,Gm4788
2011,Gm5506,Gm5506
2012,Gm5617,Gm5617
2013,Gm608,Gm608
2014,Gm6484,Gm6484
2015,Gmcl1,Gmcl1
2016,Gmfb,Gmfb
2017,Gmnn,Gmnn
2018,Gmppa,Gmppa
2019,Gmps,Gmps
2020,Gna11,Gna11
2021,Gna12,Gna12
2022,Gna13,Gna13
2023,Gnai2,Gnai2
2024,Gnai3,Gnai3
2025,Gnaq,Gnaq
2026,Gnat1,Gnat1
2027,Gnb2,Gnb2
2028,Gnb2l1,Gnb2l1
2029,Gne,Gne
2030,Gng11,Gng11
2031,Gng12,Gng12
2032,Gnl2,Gnl2
2033,Gnl3,Gnl3
2034,Gnmt,Gnmt
2035,Gnpnat1,Gnpnat1
2036,Gnptg,Gnptg
2037,Gns,Gns
2038,Golga3,Golga3
2039,Golga4,Golga4
2040,Golga5,Golga5
2041,Golga7,Golga7
2042,Golph3,Golph3
2043,Golph3l,Golph3l
2044,Golt1a,Golt1a
2045,Golt1b,Golt1b
2046,Gorasp2,Gorasp2
2047,Gosr1,Gosr1
2048,Got1,Got1
2049,Got2,Got2
2050,Gpaa1,Gpaa1
2051,Gpam,Gpam
2052,Gpank1,Gpank1
2053,Gpatch4,Gpatch4
2054,Gpc4,Gpc4
2055,Gpcpd1,Gpcpd1
2056,Gpd1,Gpd1
2057,Gpd1l,Gpd1l
2058,Gpd2,Gpd2
2059,Gphn,Gphn
2060,Gpihbp1,Gpihbp1
2061,Gpld1,Gpld1
2062,Gpn3,Gpn3
2063,Gpr108,Gpr108
2064,Gpr125,Gpr125
2065,Gpr146,Gpr146
2066,Gpr180,Gpr180
2067,Gpr182,Gpr182
2068,Gpr39,Gpr39
2069,Gpr89,Gpr89
2070,Gprc5c,Gprc5c
2071,Gps2,Gps2
2072,Gpsm2,Gpsm2
2073,Gpt,Gpt
2074,Gpt2,Gpt2
2075,Gpx1,Gpx1
2076,Gpx3,Gpx3
2077,Gpx4,Gpx4
2078,Gramd1c,Gramd1c
2079,Grb14,Grb14
2080,Grb7,Grb7
2081,Grhpr,Grhpr
2082,Grk6,Grk6
2083,Grpel1,Grpel1
2084,Grsf1,Grsf1
2085,Grtp1,Grtp1
2086,Grwd1,Grwd1
2087,Gsdmd,Gsdmd
2088,Gsk3a,Gsk3a
2089,Gsk3b,Gsk3b
2090,Gsn,Gsn
2091,Gspt1,Gspt1
2092,Gsr,Gsr
2093,Gss,Gss
2094,Gsta2,Gsta2
2095,Gsta3,Gsta3
2096,Gsta4,Gsta4
2097,Gstk1,Gstk1
2098,Gstm1,Gstm1
2099,Gstm2,Gstm2
2100,Gstm3,Gstm3
2101,Gstm5,Gstm5
2102,Gstm6,Gstm6
2103,Gstm7,Gstm7
2104,Gsto1,Gsto1
2105,Gstt1,Gstt1
2106,Gstt2,Gstt2
2107,Gstt3,Gstt3
2108,Gstz1,Gstz1
2109,Gtf2a2,Gtf2a2
2110,Gtf2h1,Gtf2h1
2111,Gtf2h3,Gtf2h3
2112,Gtf2h4,Gtf2h4
2113,Gtf3c1,Gtf3c1
2114,Gtf3c2,Gtf3c2
2115,Gtf3c3,Gtf3c3
2116,Gtf3c4,Gtf3c4
2117,Gtf3c6,Gtf3c6
2118,Gtl3,Gtl3
2119,Gtpbp1,Gtpbp1
2120,Gtpbp10,Gtpbp10
2121,Gtpbp4,Gtpbp4
2122,Gtpbp8,Gtpbp8
2123,Gulo,Gulo
2124,Gusb,Gusb
2125,Gxylt1,Gxylt1
2126,Gyg,Gyg
2127,Gyk,Gyk
2128,Gys2,Gys2
2129,H2-Aa,H2-Aa
2130,H2-Ab1,H2-Ab1
2131,H2-D1,H2-D1
2132,H2-K1,H2-K1
2133,H2-Q10,H2-Q10
2134,H2-Q7,H2-Q7
2135,H2afx,H2afx
2136,H2afy,H2afy
2137,H2afz,H2afz
2138,H3f3b,H3f3b
2139,H47,H47
2140,H6pd,H6pd
2141,Haao,Haao
2142,Habp2,Habp2
2143,Habp4,Habp4
2144,Hacl1,Hacl1
2145,Hadh,Hadh
2146,Hadha,Hadha
2147,Hagh,Hagh
2148,Hal,Hal
2149,Hamp,Hamp
2150,Hamp2,Hamp2
2151,Hao1,Hao1
2152,Hars,Hars
2153,Hars2,Hars2
2154,Hat1,Hat1
2155,Haus1,Haus1
2156,Haus3,Haus3
2157,Haus4,Haus4
2158,Hax1,Hax1
2159,Hbs1l,Hbs1l
2160,Hc,Hc
2161,Hccs,Hccs
2162,Hcfc1,Hcfc1
2163,Hcfc1r1,Hcfc1r1
2164,Hcfc2,Hcfc2
2165,Hdac6,Hdac6
2166,Hdhd2,Hdhd2
2167,Hdhd3,Hdhd3
2168,Heatr1,Heatr1
2169,Heatr3,Heatr3
2170,Hectd1,Hectd1
2171,Hectd3,Hectd3
2172,Helb,Helb
2173,Herc4,Herc4
2174,Herc6,Herc6
2175,Herpud1,Herpud1
2176,Hfe,Hfe
2177,Hfe2,Hfe2
2178,Hgd,Hgd
2179,Hgfac,Hgfac
2180,Hgs,Hgs
2181,Hibadh,Hibadh
2182,Hibch,Hibch
2183,Higd2a,Higd2a
2184,Hint1,Hint1
2185,Hint2,Hint2
2186,Hint3,Hint3
2187,Hipk1,Hipk1
2188,Hipk2,Hipk2
2189,Hipk3,Hipk3
2190,Hist1h2bc,Hist1h2bc
2191,Hmbs,Hmbs
2192,Hmgb3,Hmgb3
2193,Hmgcl,Hmgcl
2194,Hmgcs2,Hmgcs2
2195,Hmgn1,Hmgn1
2196,Hmgn2,Hmgn2
2197,Hmgxb3,Hmgxb3
2198,Hn1,Hn1
2199,Hn1l,Hn1l
2200,Hnmt,Hnmt
2201,Hnrnpa0,Hnrnpa0
2202,Hnrnpa1,Hnrnpa1
2203,Hnrnpa2b1,Hnrnpa2b1
2204,Hnrnpa3,Hnrnpa3
2205,Hnrnpc,Hnrnpc
2206,Hnrnpf,Hnrnpf
2207,Hnrnph1,Hnrnph1
2208,Hnrnph2,Hnrnph2
2209,Hnrnph3,Hnrnph3
2210,Hnrnpm,Hnrnpm
2211,Hnrnpr,Hnrnpr
2212,Hnrnpu,Hnrnpu
2213,Hnrpll,Hnrpll
2214,Hoga1,Hoga1
2215,Hook1,Hook1
2216,Hook2,Hook2
2217,Hook3,Hook3
2218,Hp,Hp
2219,Hp1bp3,Hp1bp3
2220,Hpcal1,Hpcal1
2221,Hpd,Hpd
2222,Hpgd,Hpgd
2223,Hpn,Hpn
2224,Hprt,Hprt
2225,Hpx,Hpx
2226,Hras1,Hras1
2227,Hrg,Hrg
2228,Hrsp12,Hrsp12
2229,Hs3st3b1,Hs3st3b1
2230,Hsd11b1,Hsd11b1
2231,Hsd17b10,Hsd17b10
2232,Hsd17b11,Hsd17b11
2233,Hsd17b13,Hsd17b13
2234,Hsd17b2,Hsd17b2
2235,Hsd17b6,Hsd17b6
2236,Hsd3b2,Hsd3b2
2237,Hsd3b3,Hsd3b3
2238,Hsd3b7,Hsd3b7
2239,Hsp90aa1,Hsp90aa1
2240,Hsp90ab1,Hsp90ab1
2241,Hspa4,Hspa4
2242,Hspa5,Hspa5
2243,Hspa9,Hspa9
2244,Hspb1,Hspb1
2245,Hspb8,Hspb8
2246,Hspbp1,Hspbp1
2247,Hspe1,Hspe1
2248,Htatip2,Htatip2
2249,Htatsf1,Htatsf1
2250,Huwe1,Huwe1
2251,Hyal2,Hyal2
2252,Iars,Iars
2253,Icam1,Icam1
2254,Id1,Id1
2255,Id3,Id3
2256,Ide,Ide
2257,Idh1,Idh1
2258,Idh3a,Idh3a
2259,Idh3b,Idh3b
2260,Ido2,Ido2
2261,Ids,Ids
2262,Ier2,Ier2
2263,Ier3ip1,Ier3ip1
2264,Ifi27l2b,Ifi27l2b
2265,Ifi35,Ifi35
2266,Ifi47,Ifi47
2267,Ifih1,Ifih1
2268,Ifit3,Ifit3
2269,Ifitm2,Ifitm2
2270,Ifitm3,Ifitm3
2271,Ifnar1,Ifnar1
2272,Ifnar2,Ifnar2
2273,Ifngr1,Ifngr1
2274,Ifrd2,Ifrd2
2275,Igf1,Igf1
2276,Igfals,Igfals
2277,Igfbp1,Igfbp1
2278,Igfbp2,Igfbp2
2279,Igfbp3,Igfbp3
2280,Igfbp4,Igfbp4
2281,Igsf5,Igsf5
2282,Igtp,Igtp
2283,Iigp1,Iigp1
2284,Ik,Ik
2285,Ikbke,Ikbke
2286,Il13ra1,Il13ra1
2287,Il17ra,Il17ra
2288,Il17rb,Il17rb
2289,Il17rc,Il17rc
2290,Il18,Il18
2291,Il1r1,Il1r1
2292,Il1rap,Il1rap
2293,Il4ra,Il4ra
2294,Il6ra,Il6ra
2295,Il6st,Il6st
2296,Ildr2,Ildr2
2297,Immp1l,Immp1l
2298,Immt,Immt
2299,Imp3,Imp3
2300,Imp4,Imp4
2301,Impa1,Impa1
2302,Impad1,Impad1
2303,Impdh2,Impdh2
2304,Inf2,Inf2
2305,Ing1,Ing1
2306,Inhbc,Inhbc
2307,Inhbe,Inhbe
2308,Inmt,Inmt
2309,Ino80b,Ino80b
2310,Ino80c,Ino80c
2311,Inpp5a,Inpp5a
2312,Inpp5b,Inpp5b
2313,Insig2,Insig2
2314,Ints1,Ints1
2315,Ints3,Ints3
2316,Ints5,Ints5
2317,Ints6,Ints6
2318,Ints7,Ints7
2319,Ints8,Ints8
2320,Ipmk,Ipmk
2321,Ipo13,Ipo13
2322,Ipo5,Ipo5
2323,Ipo7,Ipo7
2324,Ipo9,Ipo9
2325,Ipp,Ipp
2326,Iqgap2,Iqgap2
2327,Iqsec1,Iqsec1
2328,Irak1,Irak1
2329,Irak2,Irak2
2330,Irf2bp1,Irf2bp1
2331,Irgm1,Irgm1
2332,Irgm2,Irgm2
2333,Isg20l2,Isg20l2
2334,Isy1,Isy1
2335,Isyna1,Isyna1
2336,Itch,Itch
2337,Itfg1,Itfg1
2338,Itfg3,Itfg3
2339,Itga1,Itga1
2340,Itgb1,Itgb1
2341,Itgb1bp1,Itgb1bp1
2342,Itih1,Itih1
2343,Itih2,Itih2
2344,Itih3,Itih3
2345,Itih4,Itih4
2346,Itm2b,Itm2b
2347,Itpk1,Itpk1
2348,Itpr2,Itpr2
2349,Itsn2,Itsn2
2350,Ivd,Ivd
2351,Ivns1abp,Ivns1abp
2352,Iws1,Iws1
2353,Iyd,Iyd
2354,Jagn1,Jagn1
2355,Jkamp,Jkamp
2356,Josd2,Josd2
2357,Jtb,Jtb
2358,Jub,Jub
2359,Jup,Jup
2360,Kank1,Kank1
2361,Kank2,Kank2
2362,Kars,Kars
2363,Kat2a,Kat2a
2364,Kat2b,Kat2b
2365,Kat5,Kat5
2366,Katna1,Katna1
2367,Kbtbd2,Kbtbd2
2368,Kbtbd7,Kbtbd7
2369,Kcnk5,Kcnk5
2370,Kcnn2,Kcnn2
2371,Kctd10,Kctd10
2372,Kctd15,Kctd15
2373,Kctd3,Kctd3
2374,Kdelc1,Kdelc1
2375,Kdm3b,Kdm3b
2376,Keg1,Keg1
2377,Khdrbs1,Khdrbs1
2378,Khdrbs3,Khdrbs3
2379,Khk,Khk
2380,Khnyn,Khnyn
2381,Kif13b,Kif13b
2382,Kif1c,Kif1c
2383,Kif21a,Kif21a
2384,Kif5b,Kif5b
2385,Kin,Kin
2386,Klc4,Klc4
2387,Klhdc10,Klhdc10
2388,Klhdc2,Klhdc2
2389,Klhl24,Klhl24
2390,Klhl5,Klhl5
2391,Klhl7,Klhl7
2392,Klkb1,Klkb1
2393,Kmo,Kmo
2394,Kng1,Kng1
2395,Kpna1,Kpna1
2396,Kpna2,Kpna2
2397,Kpna3,Kpna3
2398,Kpnb1,Kpnb1
2399,Kras,Kras
2400,Kri1,Kri1
2401,Krit1,Krit1
2402,Krr1,Krr1
2403,Krt18,Krt18
2404,Krt8,Krt8
2405,Kti12,Kti12
2406,Ktn1,Ktn1
2407,Kynu,Kynu
2408,L2hgdh,L2hgdh
2409,Lace1,Lace1
2410,Lactb,Lactb
2411,Lactb2,Lactb2
2412,Lad1,Lad1
2413,Lage3,Lage3
2414,Lancl1,Lancl1
2415,Lancl2,Lancl2
2416,Lap3,Lap3
2417,Laptm4a,Laptm4a
2418,Larp4,Larp4
2419,Larp7,Larp7
2420,Lars,Lars
2421,Lbp,Lbp
2422,Lbr,Lbr
2423,Lcat,Lcat
2424,Lcmt2,Lcmt2
2425,Lcn2,Lcn2
2426,Lcp1,Lcp1
2427,Ldha,Ldha
2428,Ldhd,Ldhd
2429,Leap2,Leap2
2430,Lect2,Lect2
2431,Lemd2,Lemd2
2432,Leng1,Leng1
2433,Leng8,Leng8
2434,Leo1,Leo1
2435,Leprot,Leprot
2436,Letmd1,Letmd1
2437,Lgals1,Lgals1
2438,Lgals3bp,Lgals3bp
2439,Lgals4,Lgals4
2440,Lgals8,Lgals8
2441,Lgals9,Lgals9
2442,Lgr4,Lgr4
2443,Lhfp,Lhfp
2444,Lias,Lias
2445,Lifr,Lifr
2446,Lima1,Lima1
2447,Lims1,Lims1
2448,Lims2,Lims2
2449,Lin7a,Lin7a
2450,Lipa,Lipa
2451,Lipc,Lipc
2452,Lipe,Lipe
2453,Litaf,Litaf
2454,Llgl2,Llgl2
2455,Llph,Llph
2456,Lmbrd1,Lmbrd1
2457,Lmf1,Lmf1
2458,Lmf2,Lmf2
2459,Lmna,Lmna
2460,Loh12cr1,Loh12cr1
2461,Lonp1,Lonp1
2462,Lonp2,Lonp2
2463,Lpar6,Lpar6
2464,Lpcat3,Lpcat3
2465,Lpgat1,Lpgat1
2466,Lphn2,Lphn2
2467,Lpin1,Lpin1
2468,Lrba,Lrba
2469,Lrfn3,Lrfn3
2470,Lrg1,Lrg1
2471,Lrp1,Lrp1
2472,Lrp10,Lrp10
2473,Lrpap1,Lrpap1
2474,Lrrc3,Lrrc3
2475,Lrrc40,Lrrc40
2476,Lrrc47,Lrrc47
2477,Lrrc58,Lrrc58
2478,Lrrc59,Lrrc59
2479,Lrrfip2,Lrrfip2
2480,Lsg1,Lsg1
2481,Lsm10,Lsm10
2482,Lsm14a,Lsm14a
2483,Lsm2,Lsm2
2484,Lsm3,Lsm3
2485,Lsm4,Lsm4
2486,Lsm5,Lsm5
2487,Lsr,Lsr
2488,Lta4h,Lta4h
2489,Ltbr,Ltbr
2490,Ltn1,Ltn1
2491,Ltv1,Ltv1
2492,Luc7l,Luc7l
2493,Luc7l2,Luc7l2
2494,Luc7l3,Luc7l3
2495,Lum,Lum
2496,Ly6e,Ly6e
2497,Lyar,Lyar
2498,Lyn,Lyn
2499,Lypla1,Lypla1
2500,Lypla2,Lypla2
2501,Lyplal1,Lyplal1
2502,Lyrm5,Lyrm5
2503,Lysmd4,Lysmd4
2504,Lyz2,Lyz2
2505,Lzic,Lzic
2506,M6pr,M6pr
2507,Macf1,Macf1
2508,Macrod1,Macrod1
2509,Mad1l1,Mad1l1
2510,Mad2l1bp,Mad2l1bp
2511,Mad2l2,Mad2l2
2512,Maged1,Maged1
2513,Magi3,Magi3
2514,Magix,Magix
2515,Magoh,Magoh
2516,Magt1,Magt1
2517,Mak16,Mak16
2518,Mal2,Mal2
2519,Maml1,Maml1
2520,Man1a,Man1a
2521,Man1b1,Man1b1
2522,Man2a1,Man2a1
2523,Man2a2,Man2a2
2524,Man2b1,Man2b1
2525,Man2b2,Man2b2
2526,Maob,Maob
2527,Map1lc3a,Map1lc3a
2528,Map2k3,Map2k3
2529,Map2k7,Map2k7
2530,Map3k11,Map3k11
2531,Map3k2,Map3k2
2532,Map3k5,Map3k5
2533,Map3k7,Map3k7
2534,Mapk1,Mapk1
2535,Mapk14,Mapk14
2536,Mapk3,Mapk3
2537,Mapk6,Mapk6
2538,Mapkap1,Mapkap1
2539,Mapkapk2,Mapkapk2
2540,Mapkapk5,Mapkapk5
2541,Mapre1,Mapre1
2542,Mapre3,Mapre3
2543,Marcksl1,Marcksl1
2544,Mark2,Mark2
2545,Mark3,Mark3
2546,Mark4,Mark4
2547,Mars,Mars
2548,Marveld1,Marveld1
2549,Marveld2,Marveld2
2550,Masp1,Masp1
2551,Masp2,Masp2
2552,Mast2,Mast2
2553,Mast3,Mast3
2554,Mat1a,Mat1a
2555,Matr3,Matr3
2556,Mau2,Mau2
2557,Mavs,Mavs
2558,Mbl1,Mbl1
2559,Mbl2,Mbl2
2560,Mbnl1,Mbnl1
2561,Mbnl2,Mbnl2
2562,Mccc1,Mccc1
2563,Mccc2,Mccc2
2564,Mcee,Mcee
2565,Mcfd2,Mcfd2
2566,Mcl1,Mcl1
2567,Mcm10,Mcm10
2568,Mcm6,Mcm6
2569,Mcm7,Mcm7
2570,Mcmbp,Mcmbp
2571,Mcrs1,Mcrs1
2572,Mctp2,Mctp2
2573,Mcts2,Mcts2
2574,Mdh1,Mdh1
2575,Mdh2,Mdh2
2576,Mdm4,Mdm4
2577,Mdp1,Mdp1
2578,Me1,Me1
2579,Mea1,Mea1
2580,Med12,Med12
2581,Med13,Med13
2582,Med14,Med14
2583,Med15,Med15
2584,Med19,Med19
2585,Med21,Med21
2586,Med24,Med24
2587,Med25,Med25
2588,Med29,Med29
2589,Med30,Med30
2590,Med4,Med4
2591,Med7,Med7
2592,Med9,Med9
2593,Megf9,Megf9
2594,Memo1,Memo1
2595,Mesdc2,Mesdc2
2596,Metap1d,Metap1d
2597,Metap2,Metap2
2598,Mettl3,Mettl3
2599,Mettl5,Mettl5
2600,Mettl6,Mettl6
2601,Mettl7a1,Mettl7a1
2602,Mettl7b,Mettl7b
2603,Mettl9,Mettl9
2604,Mff,Mff
2605,Mfn1,Mfn1
2606,Mfn2,Mfn2
2607,Mfsd2a,Mfsd2a
2608,Mfsd5,Mfsd5
2609,Mfsd6,Mfsd6
2610,Mgam,Mgam
2611,Mgat1,Mgat1
2612,Mgat4b,Mgat4b
2613,Mgll,Mgll
2614,Mgrn1,Mgrn1
2615,Mgst1,Mgst1
2616,Mgst3,Mgst3
2617,Mia2,Mia2
2618,Mib1,Mib1
2619,Micu1,Micu1
2620,Mid1ip1,Mid1ip1
2621,Mif4gd,Mif4gd
2622,Mina,Mina
2623,Minos1,Minos1
2624,Mis12,Mis12
2625,Mitd1,Mitd1
2626,Mki67ip,Mki67ip
2627,Mkks,Mkks
2628,Mknk2,Mknk2
2629,Mkrn1,Mkrn1
2630,Mlec,Mlec
2631,Mlf2,Mlf2
2632,Mlh1,Mlh1
2633,Mll5,Mll5
2634,Mllt1,Mllt1
2635,Mllt10,Mllt10
2636,Mllt4,Mllt4
2637,Mlst8,Mlst8
2638,Mlycd,Mlycd
2639,Mmaa,Mmaa
2640,Mmachc,Mmachc
2641,Mme,Mme
2642,Mmgt1,Mmgt1
2643,Mmp19,Mmp19
2644,Mnat1,Mnat1
2645,Mnd1,Mnd1
2646,Mob1a,Mob1a
2647,Mob1b,Mob1b
2648,Mob2,Mob2
2649,Mob3b,Mob3b
2650,Mob3c,Mob3c
2651,Mob4,Mob4
2652,Mocos,Mocos
2653,Mocs1,Mocs1
2654,Mocs2,Mocs2
2655,Mon1a,Mon1a
2656,Mon2,Mon2
2657,Morc2a,Morc2a
2658,Morc3,Morc3
2659,Morf4l1,Morf4l1
2660,Morf4l2,Morf4l2
2661,Morn2,Morn2
2662,Mosc1,Mosc1
2663,Mosc2,Mosc2
2664,Mospd3,Mospd3
2665,Mov10,Mov10
2666,Mpdu1,Mpdu1
2667,Mpeg1,Mpeg1
2668,Mphosph10,Mphosph10
2669,Mphosph6,Mphosph6
2670,Mphosph8,Mphosph8
2671,Mpi,Mpi
2672,Mpnd,Mpnd
2673,Mpp1,Mpp1
2674,Mprip,Mprip
2675,Mpv17l2,Mpv17l2
2676,Mpzl1,Mpzl1
2677,Mpzl2,Mpzl2
2678,Mrap,Mrap
2679,Mrc1,Mrc1
2680,Mrfap1,Mrfap1
2681,Mri1,Mri1
2682,Mrpl1,Mrpl1
2683,Mrpl10,Mrpl10
2684,Mrpl11,Mrpl11
2685,Mrpl12,Mrpl12
2686,Mrpl13,Mrpl13
2687,Mrpl14,Mrpl14
2688,Mrpl15,Mrpl15
2689,Mrpl16,Mrpl16
2690,Mrpl17,Mrpl17
2691,Mrpl18,Mrpl18
2692,Mrpl19,Mrpl19
2693,Mrpl2,Mrpl2
2694,Mrpl20,Mrpl20
2695,Mrpl22,Mrpl22
2696,Mrpl28,Mrpl28
2697,Mrpl30,Mrpl30
2698,Mrpl32,Mrpl32
2699,Mrpl35,Mrpl35
2700,Mrpl36,Mrpl36
2701,Mrpl37,Mrpl37
2702,Mrpl38,Mrpl38
2703,Mrpl39,Mrpl39
2704,Mrpl4,Mrpl4
2705,Mrpl40,Mrpl40
2706,Mrpl41,Mrpl41
2707,Mrpl42,Mrpl42
2708,Mrpl43,Mrpl43
2709,Mrpl44,Mrpl44
2710,Mrpl45,Mrpl45
2711,Mrpl46,Mrpl46
2712,Mrpl47,Mrpl47
2713,Mrpl48,Mrpl48
2714,Mrpl49,Mrpl49
2715,Mrpl50,Mrpl50
2716,Mrpl54,Mrpl54
2717,Mrpl55,Mrpl55
2718,Mrps11,Mrps11
2719,Mrps12,Mrps12
2720,Mrps14,Mrps14
2721,Mrps15,Mrps15
2722,Mrps16,Mrps16
2723,Mrps17,Mrps17
2724,Mrps18a,Mrps18a
2725,Mrps18b,Mrps18b
2726,Mrps2,Mrps2
2727,Mrps21,Mrps21
2728,Mrps22,Mrps22
2729,Mrps24,Mrps24
2730,Mrps26,Mrps26
2731,Mrps27,Mrps27
2732,Mrps30,Mrps30
2733,Mrps33,Mrps33
2734,Mrps34,Mrps34
2735,Mrps36,Mrps36
2736,Mrps5,Mrps5
2737,Mrps6,Mrps6
2738,Mrps7,Mrps7
2739,Mrps9,Mrps9
2740,Mrrf,Mrrf
2741,Mrto4,Mrto4
2742,Msh6,Msh6
2743,Msl1,Msl1
2744,Msl2,Msl2
2745,Msn,Msn
2746,Msra,Msra
2747,Msrb2,Msrb2
2748,Msrb3,Msrb3
2749,Mst1,Mst1
2750,Mtap,Mtap
2751,Mtap7,Mtap7
2752,Mtap7d1,Mtap7d1
2753,Mtch1,Mtch1
2754,Mtch2,Mtch2
2755,Mtdh,Mtdh
2756,Mtfp1,Mtfp1
2757,Mtfr1,Mtfr1
2758,Mtg1,Mtg1
2759,Mthfd1,Mthfd1
2760,Mtif3,Mtif3
2761,Mtmr1,Mtmr1
2762,Mtmr10,Mtmr10
2763,Mtmr2,Mtmr2
2764,Mtmr6,Mtmr6
2765,Mtmr9,Mtmr9
2766,Mto1,Mto1
2767,Mtpap,Mtpap
2768,Mttp,Mttp
2769,Mtus1,Mtus1
2770,Mtx1,Mtx1
2771,Mtx2,Mtx2
2772,Mudeng,Mudeng
2773,Mug1,Mug1
2774,Mul1,Mul1
2775,Mup10,Mup10
2776,Mup3,Mup3
2777,Mup5,Mup5
2778,Mut,Mut
2779,Mvp,Mvp
2780,Mycbp,Mycbp
2781,Myd88,Myd88
2782,Myef2,Myef2
2783,Myg1,Myg1
2784,Myh10,Myh10
2785,Myh9,Myh9
2786,Myl12a,Myl12a
2787,Myl12b,Myl12b
2788,Myo10,Myo10
2789,Myo18a,Myo18a
2790,Myo1b,Myo1b
2791,Myo1c,Myo1c
2792,Myo5b,Myo5b
2793,Myo6,Myo6
2794,Myo9b,Myo9b
2795,Myst2,Myst2
2796,Mzt1,Mzt1
2797,N4bp2,N4bp2
2798,N4bp2l1,N4bp2l1
2799,Naa10,Naa10
2800,Naa15,Naa15
2801,Naa25,Naa25
2802,Naa30,Naa30
2803,Naa35,Naa35
2804,Naa40,Naa40
2805,Naa50,Naa50
2806,Nab1,Nab1
2807,Nacc1,Nacc1
2808,Nacc2,Nacc2
2809,Nadk,Nadk
2810,Nadsyn1,Nadsyn1
2811,Nae1,Nae1
2812,Nags,Nags
2813,Nampt,Nampt
2814,Nans,Nans
2815,Nap1l1,Nap1l1
2816,Nap1l4,Nap1l4
2817,Naprt1,Naprt1
2818,Nars,Nars
2819,Nars2,Nars2
2820,Nat2,Nat2
2821,Nat6,Nat6
2822,Nat8,Nat8
2823,Nat9,Nat9
2824,Nav2,Nav2
2825,Nbas,Nbas
2826,Nbn,Nbn
2827,Ncaph2,Ncaph2
2828,Ncbp1,Ncbp1
2829,Ncbp2,Ncbp2
2830,Ncdn,Ncdn
2831,Nceh1,Nceh1
2832,Nckap1,Nckap1
2833,Ncl,Ncl
2834,Ncln,Ncln
2835,Ncoa5,Ncoa5
2836,Ncstn,Ncstn
2837,Ndfip1,Ndfip1
2838,Ndor1,Ndor1
2839,Ndrg1,Ndrg1
2840,Ndrg2,Ndrg2
2841,Ndst1,Ndst1
2842,Ndufa10,Ndufa10
2843,Ndufa2,Ndufa2
2844,Ndufa4,Ndufa4
2845,Ndufa7,Ndufa7
2846,Ndufa8,Ndufa8
2847,Ndufa9,Ndufa9
2848,Ndufab1,Ndufab1
2849,Ndufaf1,Ndufaf1
2850,Ndufaf3,Ndufaf3
2851,Ndufaf4,Ndufaf4
2852,Ndufb10,Ndufb10
2853,Ndufb2,Ndufb2
2854,Ndufb7,Ndufb7
2855,Ndufs1,Ndufs1
2856,Ndufs2,Ndufs2
2857,Ndufs3,Ndufs3
2858,Ndufs4,Ndufs4
2859,Ndufs5,Ndufs5
2860,Ndufs7,Ndufs7
2861,Ndufs8,Ndufs8
2862,Ndufv1,Ndufv1
2863,Necab1,Necab1
2864,Necap1,Necap1
2865,Nedd1,Nedd1
2866,Nedd4,Nedd4
2867,Nedd8,Nedd8
2868,Nek4,Nek4
2869,Nek6,Nek6
2870,Nek7,Nek7
2871,Nemf,Nemf
2872,Nenf,Nenf
2873,Net1,Net1
2874,Neu1,Neu1
2875,Nf2,Nf2
2876,Nfkbia,Nfkbia
2877,Nfkbiz,Nfkbiz
2878,Ngdn,Ngdn
2879,Ngef,Ngef
2880,Ngly1,Ngly1
2881,Nhp2,Nhp2
2882,Nhp2l1,Nhp2l1
2883,Nicn1,Nicn1
2884,Nid1,Nid1
2885,Ninj1,Ninj1
2886,Nip7,Nip7
2887,Nipal1,Nipal1
2888,Nipbl,Nipbl
2889,Nipsnap1,Nipsnap1
2890,Nisch,Nisch
2891,Nit1,Nit1
2892,Nit2,Nit2
2893,Nkiras1,Nkiras1
2894,Nkiras2,Nkiras2
2895,Nktr,Nktr
2896,Nln,Nln
2897,Nlrp12,Nlrp12
2898,Nlrp6,Nlrp6
2899,Nmd3,Nmd3
2900,Nme1,Nme1
2901,Nme6,Nme6
2902,Nme7,Nme7
2903,Nmi,Nmi
2904,Nmnat1,Nmnat1
2905,Nmt2,Nmt2
2906,Nob1,Nob1
2907,Noc4l,Noc4l
2908,Nol11,Nol11
2909,Nol6,Nol6
2910,Nol8,Nol8
2911,Nol9,Nol9
2912,Nomo1,Nomo1
2913,Nop14,Nop14
2914,Nop16,Nop16
2915,Nop2,Nop2
2916,Nop56,Nop56
2917,Nop58,Nop58
2918,Nosip,Nosip
2919,Notch2,Notch2
2920,Nox4,Nox4
2921,Npc1,Npc1
2922,Npc2,Npc2
2923,Npepps,Npepps
2924,Nploc4,Nploc4
2925,Npr2,Npr2
2926,Nptn,Nptn
2927,Nqo2,Nqo2
2928,Nrbp1,Nrbp1
2929,Nrbp2,Nrbp2
2930,Nsa2,Nsa2
2931,Nsd1,Nsd1
2932,Nsmce1,Nsmce1
2933,Nsun2,Nsun2
2934,Nt5c3,Nt5c3
2935,Nt5dc1,Nt5dc1
2936,Nt5dc3,Nt5dc3
2937,Nubp1,Nubp1
2938,Nucb1,Nucb1
2939,Nucb2,Nucb2
2940,Nucks1,Nucks1
2941,Nudc,Nudc
2942,Nudcd1,Nudcd1
2943,Nudcd2,Nudcd2
2944,Nudt1,Nudt1
2945,Nudt12,Nudt12
2946,Nudt18,Nudt18
2947,Nudt2,Nudt2
2948,Nudt3,Nudt3
2949,Nudt6,Nudt6
2950,Nudt7,Nudt7
2951,Nudt9,Nudt9
2952,Numb,Numb
2953,Nup153,Nup153
2954,Nup155,Nup155
2955,Nup205,Nup205
2956,Nup37,Nup37
2957,Nup50,Nup50
2958,Nup54,Nup54
2959,Nup62,Nup62
2960,Nup85,Nup85
2961,Nup88,Nup88
2962,Nup93,Nup93
2963,Nupl1,Nupl1
2964,Nvl,Nvl
2965,Nxf1,Nxf1
2966,Nxt1,Nxt1
2967,Nxt2,Nxt2
2968,ORF61,ORF61
2969,Oaf,Oaf
2970,Oasl1,Oasl1
2971,Oaz1,Oaz1
2972,Ociad2,Ociad2
2973,Ocln,Ocln
2974,Odc1,Odc1
2975,Odf2l,Odf2l
2976,Odf3b,Odf3b
2977,Ogdh,Ogdh
2978,Ogfr,Ogfr
2979,Ogfrl1,Ogfrl1
2980,Ogt,Ogt
2981,Oit3,Oit3
2982,Ola1,Ola1
2983,Olfml1,Olfml1
2984,Opa1,Opa1
2985,Opa3,Opa3
2986,Oplah,Oplah
2987,Optn,Optn
2988,Orai3,Orai3
2989,Orc3,Orc3
2990,Orc4,Orc4
2991,Orc5,Orc5
2992,Orc6,Orc6
2993,Orm1,Orm1
2994,Orm2,Orm2
2995,Ormdl1,Ormdl1
2996,Ormdl2,Ormdl2
2997,Os9,Os9
2998,Osbp,Osbp
2999,Osbpl1a,Osbpl1a
3000,Osbpl8,Osbpl8
3001,Osbpl9,Osbpl9
3002,Osgep,Osgep
3003,Osgepl1,Osgepl1
3004,Ostf1,Ostf1
3005,Otc,Otc
3006,Otud4,Otud4
3007,Otud5,Otud5
3008,Oxnad1,Oxnad1
3009,Oxr1,Oxr1
3010,Oxsm,Oxsm
3011,P2rx4,P2rx4
3012,Pabpc1,Pabpc1
3013,Pabpc4,Pabpc4
3014,Pabpn1,Pabpn1
3015,Pacs2,Pacs2
3016,Pacsin3,Pacsin3
3017,Pah,Pah
3018,Paics,Paics
3019,Paip2,Paip2
3020,Paip2b,Paip2b
3021,Pak2,Pak2
3022,Palld,Palld
3023,Palmd,Palmd
3024,Pan2,Pan2
3025,Pank2,Pank2
3026,Pank3,Pank3
3027,Papd4,Papd4
3028,Papd5,Papd5
3029,Papola,Papola
3030,Papss1,Papss1
3031,Papss2,Papss2
3032,Paqr9,Paqr9
3033,Pard3,Pard3
3034,Parg,Parg
3035,Park7,Park7
3036,Parl,Parl
3037,Parn,Parn
3038,Parp1,Parp1
3039,Parp12,Parp12
3040,Parp14,Parp14
3041,Parp2,Parp2
3042,Parp3,Parp3
3043,Parp9,Parp9
3044,Parva,Parva
3045,Pawr,Pawr
3046,Paxip1,Paxip1
3047,Pbld1,Pbld1
3048,Pbld2,Pbld2
3049,Pbxip1,Pbxip1
3050,Pcbd1,Pcbd1
3051,Pcbd2,Pcbd2
3052,Pcbp1,Pcbp1
3053,Pcbp2,Pcbp2
3054,Pcbp4,Pcbp4
3055,Pcca,Pcca
3056,Pccb,Pccb
3057,Pcdh1,Pcdh1
3058,Pcf11,Pcf11
3059,Pcgf3,Pcgf3
3060,Pcgf5,Pcgf5
3061,Pcid2,Pcid2
3062,Pck1,Pck1
3063,Pcm1,Pcm1
3064,Pcmt1,Pcmt1
3065,Pcmtd1,Pcmtd1
3066,Pcmtd2,Pcmtd2
3067,Pcnp,Pcnp
3068,Pcnxl3,Pcnxl3
3069,Pcsk7,Pcsk7
3070,Pcsk9,Pcsk9
3071,Pctp,Pctp
3072,Pcx,Pcx
3073,Pcyox1,Pcyox1
3074,Pcyt2,Pcyt2
3075,Pdap1,Pdap1
3076,Pdcd11,Pdcd11
3077,Pdcd2,Pdcd2
3078,Pdcd2l,Pdcd2l
3079,Pdcd5,Pdcd5
3080,Pdcd6,Pdcd6
3081,Pdcd6ip,Pdcd6ip
3082,Pdcl,Pdcl
3083,Pde12,Pde12
3084,Pde3b,Pde3b
3085,Pde4dip,Pde4dip
3086,Pde8a,Pde8a
3087,Pde9a,Pde9a
3088,Pdhb,Pdhb
3089,Pdhx,Pdhx
3090,Pdk2,Pdk2
3091,Pdk4,Pdk4
3092,Pdlim1,Pdlim1
3093,Pdpk1,Pdpk1
3094,Pdpr,Pdpr
3095,Pds5a,Pds5a
3096,Pdxdc1,Pdxdc1
3097,Pdxk,Pdxk
3098,Pdzd8,Pdzd8
3099,Pdzk1,Pdzk1
3100,Pea15a,Pea15a
3101,Pebp1,Pebp1
3102,Pecam1,Pecam1
3103,Pecr,Pecr
3104,Pef1,Pef1
3105,Peli1,Peli1
3106,Peli2,Peli2
3107,Pelp1,Pelp1
3108,Pemt,Pemt
3109,Pepd,Pepd
3110,Perp,Perp
3111,Pes1,Pes1
3112,Pex11a,Pex11a
3113,Pex11b,Pex11b
3114,Pex11c,Pex11c
3115,Pex12,Pex12
3116,Pex13,Pex13
3117,Pex16,Pex16
3118,Pex19,Pex19
3119,Pex5,Pex5
3120,Pex7,Pex7
3121,Pfdn5,Pfdn5
3122,Pfkfb1,Pfkfb1
3123,Pfkm,Pfkm
3124,Pfn1,Pfn1
3125,Pgam5,Pgam5
3126,Pgcp,Pgcp
3127,Pgk1,Pgk1
3128,Pgls,Pgls
3129,Pglyrp2,Pglyrp2
3130,Pgp,Pgp
3131,Pgrmc1,Pgrmc1
3132,Phactr4,Phactr4
3133,Phax,Phax
3134,Phb2,Phb2
3135,Phc2,Phc2
3136,Phf1,Phf1
3137,Phf12,Phf12
3138,Phf14,Phf14
3139,Phf2,Phf2
3140,Phf20l1,Phf20l1
3141,Phf23,Phf23
3142,Phf3,Phf3
3143,Phf7,Phf7
3144,Phkb,Phkb
3145,Phkg2,Phkg2
3146,Phldb2,Phldb2
3147,Phyh,Phyh
3148,Pi4k2b,Pi4k2b
3149,Pid1,Pid1
3150,Pigf,Pigf
3151,Pigg,Pigg
3152,Pigr,Pigr
3153,Pigs,Pigs
3154,Pigy,Pigy
3155,Pik3ap1,Pik3ap1
3156,Pik3c2a,Pik3c2a
3157,Pik3c3,Pik3c3
3158,Pik3ca,Pik3ca
3159,Pik3r2,Pik3r2
3160,Pik3r4,Pik3r4
3161,Pim1,Pim1
3162,Pin1,Pin1
3163,Pin4,Pin4
3164,Pink1,Pink1
3165,Pinx1,Pinx1
3166,Pion,Pion
3167,Pip4k2b,Pip4k2b
3168,Pip4k2c,Pip4k2c
3169,Pipox,Pipox
3170,Pir,Pir
3171,Pisd,Pisd
3172,Pitpna,Pitpna
3173,Pitpnc1,Pitpnc1
3174,Pitpnm2,Pitpnm2
3175,Pitrm1,Pitrm1
3176,Pja2,Pja2
3177,Pkdcc,Pkdcc
3178,Pklr,Pklr
3179,Pkn2,Pkn2
3180,Pkp2,Pkp2
3181,Pkp4,Pkp4
3182,Pla1a,Pla1a
3183,Pla2g12b,Pla2g12b
3184,Pla2g15,Pla2g15
3185,Plaa,Plaa
3186,Plac8,Plac8
3187,Plbd1,Plbd1
3188,Plbd2,Plbd2
3189,Plcb3,Plcb3
3190,Plcg1,Plcg1
3191,Plcxd2,Plcxd2
3192,Pld3,Pld3
3193,Plec,Plec
3194,Plekha3,Plekha3
3195,Plekha6,Plekha6
3196,Plekhf1,Plekhf1
3197,Plekhf2,Plekhf2
3198,Plekhg6,Plekhg6
3199,Plekhj1,Plekhj1
3200,Plekhm1,Plekhm1
3201,Plg,Plg
3202,Plin2,Plin2
3203,Plin3,Plin3
3204,Plin5,Plin5
3205,Plk1s1,Plk1s1
3206,Plk2,Plk2
3207,Pllp,Pllp
3208,Plod1,Plod1
3209,Plod3,Plod3
3210,Plrg1,Plrg1
3211,Pls3,Pls3
3212,Plscr1,Plscr1
3213,Pltp,Pltp
3214,Plvap,Plvap
3215,Plxnb1,Plxnb1
3216,Plxnb2,Plxnb2
3217,Pm20d1,Pm20d1
3218,Pmf1,Pmf1
3219,Pmm2,Pmm2
3220,Pmpca,Pmpca
3221,Pmpcb,Pmpcb
3222,Pnkd,Pnkd
3223,Pnkp,Pnkp
3224,Pno1,Pno1
3225,Pnp,Pnp
3226,Pnpla6,Pnpla6
3227,Pnpla7,Pnpla7
3228,Pnpla8,Pnpla8
3229,Pnpo,Pnpo
3230,Pnpt1,Pnpt1
3231,Pnrc1,Pnrc1
3232,Pnrc2,Pnrc2
3233,Poglut1,Poglut1
3234,Pold2,Pold2
3235,Pold3,Pold3
3236,Pold4,Pold4
3237,Poldip2,Poldip2
3238,Poldip3,Poldip3
3239,Polr1a,Polr1a
3240,Polr1b,Polr1b
3241,Polr1c,Polr1c
3242,Polr1d,Polr1d
3243,Polr2a,Polr2a
3244,Polr2b,Polr2b
3245,Polr2d,Polr2d
3246,Polr2g,Polr2g
3247,Polr2h,Polr2h
3248,Polr2m,Polr2m
3249,Polr3a,Polr3a
3250,Polr3b,Polr3b
3251,Polr3c,Polr3c
3252,Polr3d,Polr3d
3253,Polr3gl,Polr3gl
3254,Polr3k,Polr3k
3255,Pom121,Pom121
3256,Pomgnt1,Pomgnt1
3257,Pomp,Pomp
3258,Pomt2,Pomt2
3259,Pon1,Pon1
3260,Pon2,Pon2
3261,Pon3,Pon3
3262,Pop5,Pop5
3263,Por,Por
3264,Ppan,Ppan
3265,Ppap2a,Ppap2a
3266,Ppap2b,Ppap2b
3267,Ppap2c,Ppap2c
3268,Ppapdc2,Ppapdc2
3269,Ppat,Ppat
3270,Ppcs,Ppcs
3271,Ppfibp2,Ppfibp2
3272,Pphln1,Pphln1
3273,Ppia,Ppia
3274,Ppig,Ppig
3275,Ppih,Ppih
3276,Ppil1,Ppil1
3277,Ppil2,Ppil2
3278,Ppil4,Ppil4
3279,Ppip5k2,Ppip5k2
3280,Ppl,Ppl
3281,Ppm1a,Ppm1a
3282,Ppm1b,Ppm1b
3283,Ppm1f,Ppm1f
3284,Ppm1g,Ppm1g
3285,Ppm1k,Ppm1k
3286,Ppp1ca,Ppp1ca
3287,Ppp1cb,Ppp1cb
3288,Ppp1cc,Ppp1cc
3289,Ppp1r11,Ppp1r11
3290,Ppp1r12a,Ppp1r12a
3291,Ppp1r12c,Ppp1r12c
3292,Ppp1r13b,Ppp1r13b
3293,Ppp1r15a,Ppp1r15a
3294,Ppp1r15b,Ppp1r15b
3295,Ppp1r16a,Ppp1r16a
3296,Ppp1r2,Ppp1r2
3297,Ppp1r35,Ppp1r35
3298,Ppp1r37,Ppp1r37
3299,Ppp1r3c,Ppp1r3c
3300,Ppp2ca,Ppp2ca
3301,Ppp2r1a,Ppp2r1a
3302,Ppp2r1b,Ppp2r1b
3303,Ppp2r5a,Ppp2r5a
3304,Ppp2r5b,Ppp2r5b
3305,Ppp2r5e,Ppp2r5e
3306,Ppp3ca,Ppp3ca
3307,Ppp3cb,Ppp3cb
3308,Ppp4c,Ppp4c
3309,Ppp4r2,Ppp4r2
3310,Ppp5c,Ppp5c
3311,Ppp6r1,Ppp6r1
3312,Ppp6r3,Ppp6r3
3313,Pprc1,Pprc1
3314,Ppt2,Ppt2
3315,Prdm2,Prdm2
3316,Prdx4,Prdx4
3317,Prelid1,Prelid1
3318,Prelp,Prelp
3319,Prepl,Prepl
3320,Prg4,Prg4
3321,Prkaa1,Prkaa1
3322,Prkaa2,Prkaa2
3323,Prkag2,Prkag2
3324,Prkcsh,Prkcsh
3325,Prkcz,Prkcz
3326,Prkd3,Prkd3
3327,Prkrir,Prkrir
3328,Prlr,Prlr
3329,Prmt1,Prmt1
3330,Prmt3,Prmt3
3331,Prmt5,Prmt5
3332,Prnp,Prnp
3333,Proc,Proc
3334,Prodh,Prodh
3335,Prodh2,Prodh2
3336,Prorsd1,Prorsd1
3337,Pros1,Pros1
3338,Prosapip1,Prosapip1
3339,Proz,Proz
3340,Prpf19,Prpf19
3341,Prpf38b,Prpf38b
3342,Prpf39,Prpf39
3343,Prpf40a,Prpf40a
3344,Prpf4b,Prpf4b
3345,Prpf6,Prpf6
3346,Prpf8,Prpf8
3347,Prps1,Prps1
3348,Prpsap1,Prpsap1
3349,Prr13,Prr13
3350,Prr14,Prr14
3351,Prr16,Prr16
3352,Prrc2a,Prrc2a
3353,Prrc2c,Prrc2c
3354,Prrg2,Prrg2
3355,Psd3,Psd3
3356,Pskh1,Pskh1
3357,Psma1,Psma1
3358,Psma2,Psma2
3359,Psma3,Psma3
3360,Psma4,Psma4
3361,Psma5,Psma5
3362,Psma7,Psma7
3363,Psmb10,Psmb10
3364,Psmb2,Psmb2
3365,Psmb4,Psmb4
3366,Psmb8,Psmb8
3367,Psmc1,Psmc1
3368,Psmc2,Psmc2
3369,Psmc3,Psmc3
3370,Psmc4,Psmc4
3371,Psmc5,Psmc5
3372,Psmc6,Psmc6
3373,Psmd1,Psmd1
3374,Psmd10,Psmd10
3375,Psmd12,Psmd12
3376,Psmd5,Psmd5
3377,Psmd7,Psmd7
3378,Psmd8,Psmd8
3379,Psme1,Psme1
3380,Psme2,Psme2
3381,Psme3,Psme3
3382,Psme4,Psme4
3383,Psmf1,Psmf1
3384,Psmg1,Psmg1
3385,Psmg3,Psmg3
3386,Psmg4,Psmg4
3387,Psph,Psph
3388,Pstk,Pstk
3389,Ptbp1,Ptbp1
3390,Ptcd1,Ptcd1
3391,Ptcd3,Ptcd3
3392,Ptdss1,Ptdss1
3393,Pten,Pten
3394,Pter,Pter
3395,Ptges3,Ptges3
3396,Ptgr2,Ptgr2
3397,Ptk2b,Ptk2b
3398,Ptma,Ptma
3399,Ptms,Ptms
3400,Ptov1,Ptov1
3401,Ptp4a2,Ptp4a2
3402,Ptpla,Ptpla
3403,Ptplb,Ptplb
3404,Ptpmt1,Ptpmt1
3405,Ptpn11,Ptpn11
3406,Ptpn2,Ptpn2
3407,Ptpn23,Ptpn23
3408,Ptpn3,Ptpn3
3409,Ptpn6,Ptpn6
3410,Ptprb,Ptprb
3411,Ptprg,Ptprg
3412,Ptprj,Ptprj
3413,Ptprk,Ptprk
3414,Ptrh2,Ptrh2
3415,Pum1,Pum1
3416,Pus10,Pus10
3417,Pvrl2,Pvrl2
3418,Pwp1,Pwp1
3419,Pwp2,Pwp2
3420,Pxmp2,Pxmp2
3421,Pxmp4,Pxmp4
3422,Pxn,Pxn
3423,Pycr2,Pycr2
3424,Pygl,Pygl
3425,Pyroxd2,Pyroxd2
3426,Pzp,Pzp
3427,Qars,Qars
3428,Qk,Qk
3429,Qprt,Qprt
3430,Qser1,Qser1
3431,Qsox1,Qsox1
3432,R3hdm1,R3hdm1
3433,Rab11b,Rab11b
3434,Rab13,Rab13
3435,Rab14,Rab14
3436,Rab17,Rab17
3437,Rab18,Rab18
3438,Rab20,Rab20
3439,Rab22a,Rab22a
3440,Rab28,Rab28
3441,Rab30,Rab30
3442,Rab32,Rab32
3443,Rab33b,Rab33b
3444,Rab3gap2,Rab3gap2
3445,Rab40c,Rab40c
3446,Rab43,Rab43
3447,Rab5a,Rab5a
3448,Rab7,Rab7
3449,Rab7l1,Rab7l1
3450,Rabac1,Rabac1
3451,Rabep1,Rabep1
3452,Rabgap1,Rabgap1
3453,Rabgap1l,Rabgap1l
3454,Rabggta,Rabggta
3455,Rad17,Rad17
3456,Rad21,Rad21
3457,Rad23a,Rad23a
3458,Rae1,Rae1
3459,Raf1,Raf1
3460,Rai14,Rai14
3461,Ralbp1,Ralbp1
3462,Ran,Ran
3463,Ranbp1,Ranbp1
3464,Ranbp2,Ranbp2
3465,Ranbp3,Ranbp3
3466,Ranbp6,Ranbp6
3467,Ranbp9,Ranbp9
3468,Rap1a,Rap1a
3469,Rap1b,Rap1b
3470,Rapgef1,Rapgef1
3471,Rapgef4,Rapgef4
3472,Rarres2,Rarres2
3473,Rars,Rars
3474,Rars2,Rars2
3475,Rasa1,Rasa1
3476,Rassf3,Rassf3
3477,Rassf6,Rassf6
3478,Rassf7,Rassf7
3479,Raver1,Raver1
3480,Rb1cc1,Rb1cc1
3481,Rbbp4,Rbbp4
3482,Rbbp6,Rbbp6
3483,Rbbp7,Rbbp7
3484,Rbks,Rbks
3485,Rbm10,Rbm10
3486,Rbm14,Rbm14
3487,Rbm15,Rbm15
3488,Rbm15b,Rbm15b
3489,Rbm17,Rbm17
3490,Rbm19,Rbm19
3491,Rbm22,Rbm22
3492,Rbm25,Rbm25
3493,Rbm26,Rbm26
3494,Rbm27,Rbm27
3495,Rbm3,Rbm3
3496,Rbm34,Rbm34
3497,Rbm39,Rbm39
3498,Rbm47,Rbm47
3499,Rbm5,Rbm5
3500,Rbm7,Rbm7
3501,Rbm8a,Rbm8a
3502,Rbms1,Rbms1
3503,Rbp4,Rbp4
3504,Rbx1,Rbx1
3505,Rcc2,Rcc2
3506,Rcl1,Rcl1
3507,Rdh16,Rdh16
3508,Rdh7,Rdh7
3509,Rdh9,Rdh9
3510,Rdx,Rdx
3511,Reep4,Reep4
3512,Reep6,Reep6
3513,Reps1,Reps1
3514,Retsat,Retsat
3515,Rexo1,Rexo1
3516,Rexo4,Rexo4
3517,Rfc2,Rfc2
3518,Rfc4,Rfc4
3519,Rfesd,Rfesd
3520,Rffl,Rffl
3521,Rfk,Rfk
3522,Rfng,Rfng
3523,Rfwd3,Rfwd3
3524,Rgl3,Rgl3
3525,Rgn,Rgn
3526,Rhbdd1,Rhbdd1
3527,Rhbdf2,Rhbdf2
3528,Rhbg,Rhbg
3529,Rheb,Rheb
3530,Rhob,Rhob
3531,Rhobtb1,Rhobtb1
3532,Rhoc,Rhoc
3533,Rhog,Rhog
3534,Rhot1,Rhot1
3535,Rhot2,Rhot2
3536,Rhou,Rhou
3537,Rhpn2,Rhpn2
3538,Ric8b,Ric8b
3539,Rictor,Rictor
3540,Rilp,Rilp
3541,Rin3,Rin3
3542,Ring1,Ring1
3543,Riok1,Riok1
3544,Riok2,Riok2
3545,Ripk1,Ripk1
3546,Rit1,Rit1
3547,Rlf,Rlf
3548,Rlim,Rlim
3549,Rmi1,Rmi1
3550,Rmnd1,Rmnd1
3551,Rnase4,Rnase4
3552,Rnaseh2a,Rnaseh2a
3553,Rnaseh2c,Rnaseh2c
3554,Rnasek,Rnasek
3555,Rnd1,Rnd1
3556,Rnd2,Rnd2
3557,Rnd3,Rnd3
3558,Rnf103,Rnf103
3559,Rnf11,Rnf11
3560,Rnf115,Rnf115
3561,Rnf121,Rnf121
3562,Rnf123,Rnf123
3563,Rnf125,Rnf125
3564,Rnf126,Rnf126
3565,Rnf128,Rnf128
3566,Rnf13,Rnf13
3567,Rnf130,Rnf130
3568,Rnf138,Rnf138
3569,Rnf144b,Rnf144b
3570,Rnf166,Rnf166
3571,Rnf167,Rnf167
3572,Rnf168,Rnf168
3573,Rnf169,Rnf169
3574,Rnf185,Rnf185
3575,Rnf186,Rnf186
3576,Rnf2,Rnf2
3577,Rnf215,Rnf215
3578,Rnf216,Rnf216
3579,Rnf217,Rnf217
3580,Rnf26,Rnf26
3581,Rnf31,Rnf31
3582,Rnf40,Rnf40
3583,Rnf44,Rnf44
3584,Rnf5,Rnf5
3585,Rnf7,Rnf7
3586,Rnft1,Rnft1
3587,Rnmtl1,Rnmtl1
3588,Rnpep,Rnpep
3589,Rnpepl1,Rnpepl1
3590,Rnps1,Rnps1
3591,Rock1,Rock1
3592,Rock2,Rock2
3593,Rod1,Rod1
3594,Romo1,Romo1
3595,Ropn1l,Ropn1l
3596,Rp2h,Rp2h
3597,Rpa1,Rpa1
3598,Rpa3,Rpa3
3599,Rpain,Rpain
3600,Rpap2,Rpap2
3601,Rpap3,Rpap3
3602,Rpf2,Rpf2
3603,Rpl10,Rpl10
3604,Rpl10a,Rpl10a
3605,Rpl11,Rpl11
3606,Rpl12,Rpl12
3607,Rpl13,Rpl13
3608,Rpl13a,Rpl13a
3609,Rpl14,Rpl14
3610,Rpl15,Rpl15
3611,Rpl18,Rpl18
3612,Rpl18a,Rpl18a
3613,Rpl19,Rpl19
3614,Rpl21,Rpl21
3615,Rpl22,Rpl22
3616,Rpl23,Rpl23
3617,Rpl23a,Rpl23a
3618,Rpl26,Rpl26
3619,Rpl27,Rpl27
3620,Rpl28,Rpl28
3621,Rpl3,Rpl3
3622,Rpl30,Rpl30
3623,Rpl31,Rpl31
3624,Rpl32,Rpl32
3625,Rpl34,Rpl34
3626,Rpl35,Rpl35
3627,Rpl36,Rpl36
3628,Rpl37a,Rpl37a
3629,Rpl38,Rpl38
3630,Rpl4,Rpl4
3631,Rpl41,Rpl41
3632,Rpl5,Rpl5
3633,Rpl6,Rpl6
3634,Rpl7,Rpl7
3635,Rpl7a,Rpl7a
3636,Rpl7l1,Rpl7l1
3637,Rpl8,Rpl8
3638,Rpl9,Rpl9
3639,Rplp0,Rplp0
3640,Rplp2,Rplp2
3641,Rpn1,Rpn1
3642,Rpp14,Rpp14
3643,Rpp21,Rpp21
3644,Rpp30,Rpp30
3645,Rprd1b,Rprd1b
3646,Rps10,Rps10
3647,Rps11,Rps11
3648,Rps12,Rps12
3649,Rps13,Rps13
3650,Rps14,Rps14
3651,Rps15,Rps15
3652,Rps15a,Rps15a
3653,Rps17,Rps17
3654,Rps18,Rps18
3655,Rps19,Rps19
3656,Rps19bp1,Rps19bp1
3657,Rps2,Rps2
3658,Rps20,Rps20
3659,Rps21,Rps21
3660,Rps23,Rps23
3661,Rps24,Rps24
3662,Rps25,Rps25
3663,Rps26,Rps26
3664,Rps27a,Rps27a
3665,Rps28,Rps28
3666,Rps29,Rps29
3667,Rps3a,Rps3a
3668,Rps5,Rps5
3669,Rps6,Rps6
3670,Rps6kb1,Rps6kb1
3671,Rps6kb2,Rps6kb2
3672,Rps7,Rps7
3673,Rps8,Rps8
3674,Rpusd3,Rpusd3
3675,Rqcd1,Rqcd1
3676,Rrm1,Rrm1
3677,Rrm2,Rrm2
3678,Rrn3,Rrn3
3679,Rrp1,Rrp1
3680,Rrp12,Rrp12
3681,Rrp15,Rrp15
3682,Rrp8,Rrp8
3683,Rrs1,Rrs1
3684,Rsl1d1,Rsl1d1
3685,Rsl24d1,Rsl24d1
3686,Rsrc2,Rsrc2
3687,Rtcd1,Rtcd1
3688,Rtn4ip1,Rtn4ip1
3689,Rtp3,Rtp3
3690,Rtp4,Rtp4
3691,Rusc2,Rusc2
3692,Ruvbl1,Ruvbl1
3693,Rwdd1,Rwdd1
3694,Rwdd4a,Rwdd4a
3695,Ryk,Ryk
3696,S100a1,S100a1
3697,S100a10,S100a10
3698,S100a11,S100a11
3699,S100a13,S100a13
3700,S100a16,S100a16
3701,S1pr1,S1pr1
3702,Saa1,Saa1
3703,Saa2,Saa2
3704,Saa4,Saa4
3705,Sae1,Sae1
3706,Samd1,Samd1
3707,Samd4b,Samd4b
3708,Samd9l,Samd9l
3709,Samm50,Samm50
3710,Sap30bp,Sap30bp
3711,Sar1b,Sar1b
3712,Sardh,Sardh
3713,Sart3,Sart3
3714,Sash1,Sash1
3715,Sat1,Sat1
3716,Sav1,Sav1
3717,Sbf1,Sbf1
3718,Sbno1,Sbno1
3719,Sbno2,Sbno2
3720,Scaf1,Scaf1
3721,Scaf11,Scaf11
3722,Scaf4,Scaf4
3723,Scaf8,Scaf8
3724,Scamp1,Scamp1
3725,Scamp2,Scamp2
3726,Scamp3,Scamp3
3727,Scand1,Scand1
3728,Scap,Scap
3729,Scd1,Scd1
3730,Scd2,Scd2
3731,Scly,Scly
3732,Scnn1a,Scnn1a
3733,Sco1,Sco1
3734,Sco2,Sco2
3735,Scoc,Scoc
3736,Scp2,Scp2
3737,Scrib,Scrib
3738,Scrn2,Scrn2
3739,Scrn3,Scrn3
3740,Scyl1,Scyl1
3741,Scyl2,Scyl2
3742,Scyl3,Scyl3
3743,Sdad1,Sdad1
3744,Sdc1,Sdc1
3745,Sdc2,Sdc2
3746,Sdc3,Sdc3
3747,Sdccag3,Sdccag3
3748,Sdf2,Sdf2
3749,Sdha,Sdha
3750,Sdhb,Sdhb
3751,Sdhc,Sdhc
3752,Sdhd,Sdhd
3753,Sdpr,Sdpr
3754,Sdr39u1,Sdr39u1
3755,Sdr9c7,Sdr9c7
3756,Sds,Sds
3757,Sdsl,Sdsl
3758,Sec11a,Sec11a
3759,Sec11c,Sec11c
3760,Sec14l2,Sec14l2
3761,Sec14l4,Sec14l4
3762,Sec16a,Sec16a
3763,Sec16b,Sec16b
3764,Sec22a,Sec22a
3765,Sec22b,Sec22b
3766,Sec23a,Sec23a
3767,Sec23b,Sec23b
3768,Sec23ip,Sec23ip
3769,Sec24a,Sec24a
3770,Sec24b,Sec24b
3771,Sec24d,Sec24d
3772,Sec31a,Sec31a
3773,Sec61b,Sec61b
3774,Sec63,Sec63
3775,Secisbp2,Secisbp2
3776,Seh1l,Seh1l
3777,Sel1l,Sel1l
3778,Sel1l3,Sel1l3
3779,Selenbp1,Selenbp1
3780,Sema4a,Sema4a
3781,Sema4g,Sema4g
3782,Senp2,Senp2
3783,Senp3,Senp3
3784,Senp6,Senp6
3785,Sephs1,Sephs1
3786,Sephs2,Sephs2
3787,Sepsecs,Sepsecs
3788,Sepw1,Sepw1
3789,Sepx1,Sepx1
3790,Serbp1,Serbp1
3791,Serinc2,Serinc2
3792,Serp1,Serp1
3793,Serpina10,Serpina10
3794,Serpina11,Serpina11
3795,Serpina12,Serpina12
3796,Serpina1a,Serpina1a
3797,Serpina1c,Serpina1c
3798,Serpina3g,Serpina3g
3799,Serpina3k,Serpina3k
3800,Serpina3m,Serpina3m
3801,Serpina3n,Serpina3n
3802,Serpina6,Serpina6
3803,Serpina7,Serpina7
3804,Serpinb9,Serpinb9
3805,Serpinc1,Serpinc1
3806,Serpind1,Serpind1
3807,Serpinf1,Serpinf1
3808,Serpinf2,Serpinf2
3809,Serping1,Serping1
3810,Serpinh1,Serpinh1
3811,Sertad1,Sertad1
3812,Sertad2,Sertad2
3813,Sesn1,Sesn1
3814,Setd2,Setd2
3815,Setd5,Setd5
3816,Setd6,Setd6
3817,Setdb1,Setdb1
3818,Setx,Setx
3819,Sf1,Sf1
3820,Sf3a1,Sf3a1
3821,Sf3a2,Sf3a2
3822,Sf3a3,Sf3a3
3823,Sf3b1,Sf3b1
3824,Sf3b2,Sf3b2
3825,Sf3b3,Sf3b3
3826,Sf3b4,Sf3b4
3827,Sf3b5,Sf3b5
3828,Sfmbt1,Sfmbt1
3829,Sfr1,Sfr1
3830,Sfrs18,Sfrs18
3831,Sfswap,Sfswap
3832,Sft2d1,Sft2d1
3833,Sft2d2,Sft2d2
3834,Sfxn1,Sfxn1
3835,Sfxn2,Sfxn2
3836,Sfxn5,Sfxn5
3837,Sgk2,Sgk2
3838,Sgms2,Sgms2
3839,Sgpl1,Sgpl1
3840,Sgta,Sgta
3841,Sh2b1,Sh2b1
3842,Sh3bgrl,Sh3bgrl
3843,Sh3bgrl2,Sh3bgrl2
3844,Sh3bp2,Sh3bp2
3845,Sh3bp5,Sh3bp5
3846,Sh3d19,Sh3d19
3847,Sh3glb1,Sh3glb1
3848,Sh3glb2,Sh3glb2
3849,Sh3pxd2a,Sh3pxd2a
3850,Shb,Shb
3851,Shc1,Shc1
3852,Shfm1,Shfm1
3853,Shisa5,Shisa5
3854,Shmt1,Shmt1
3855,Shmt2,Shmt2
3856,Shpk,Shpk
3857,Shroom1,Shroom1
3858,Siah2,Siah2
3859,Sidt2,Sidt2
3860,Sigmar1,Sigmar1
3861,Sik3,Sik3
3862,Sin3b,Sin3b
3863,Sip1,Sip1
3864,Sirt3,Sirt3
3865,Sirt4,Sirt4
3866,Sirt5,Sirt5
3867,Sirt7,Sirt7
3868,Siva1,Siva1
3869,Skap2,Skap2
3870,Ski,Ski
3871,Skiv2l,Skiv2l
3872,Skiv2l2,Skiv2l2
3873,Slbp,Slbp
3874,Slc10a1,Slc10a1
3875,Slc10a2,Slc10a2
3876,Slc10a7,Slc10a7
3877,Slc12a4,Slc12a4
3878,Slc12a7,Slc12a7
3879,Slc13a3,Slc13a3
3880,Slc16a1,Slc16a1
3881,Slc16a11,Slc16a11
3882,Slc16a12,Slc16a12
3883,Slc16a2,Slc16a2
3884,Slc16a5,Slc16a5
3885,Slc16a7,Slc16a7
3886,Slc17a1,Slc17a1
3887,Slc17a2,Slc17a2
3888,Slc17a3,Slc17a3
3889,Slc17a9,Slc17a9
3890,Slc19a2,Slc19a2
3891,Slc1a2,Slc1a2
3892,Slc20a2,Slc20a2
3893,Slc22a1,Slc22a1
3894,Slc22a18,Slc22a18
3895,Slc22a30,Slc22a30
3896,Slc22a5,Slc22a5
3897,Slc22a7,Slc22a7
3898,Slc23a1,Slc23a1
3899,Slc24a6,Slc24a6
3900,Slc25a10,Slc25a10
3901,Slc25a11,Slc25a11
3902,Slc25a13,Slc25a13
3903,Slc25a15,Slc25a15
3904,Slc25a16,Slc25a16
3905,Slc25a32,Slc25a32
3906,Slc25a39,Slc25a39
3907,Slc25a42,Slc25a42
3908,Slc25a44,Slc25a44
3909,Slc25a45,Slc25a45
3910,Slc25a46,Slc25a46
3911,Slc25a47,Slc25a47
3912,Slc25a5,Slc25a5
3913,Slc26a1,Slc26a1
3914,Slc27a2,Slc27a2
3915,Slc27a4,Slc27a4
3916,Slc27a5,Slc27a5
3917,Slc29a1,Slc29a1
3918,Slc2a2,Slc2a2
3919,Slc30a10,Slc30a10
3920,Slc30a4,Slc30a4
3921,Slc30a5,Slc30a5
3922,Slc30a7,Slc30a7
3923,Slc30a9,Slc30a9
3924,Slc31a1,Slc31a1
3925,Slc35a1,Slc35a1
3926,Slc35a2,Slc35a2
3927,Slc35a3,Slc35a3
3928,Slc35a4,Slc35a4
3929,Slc35b1,Slc35b1
3930,Slc35b3,Slc35b3
3931,Slc35b4,Slc35b4
3932,Slc35c1,Slc35c1
3933,Slc35c2,Slc35c2
3934,Slc35e1,Slc35e1
3935,Slc35e2,Slc35e2
3936,Slc35f5,Slc35f5
3937,Slc37a3,Slc37a3
3938,Slc37a4,Slc37a4
3939,Slc38a3,Slc38a3
3940,Slc38a4,Slc38a4
3941,Slc39a14,Slc39a14
3942,Slc39a4,Slc39a4
3943,Slc39a8,Slc39a8
3944,Slc3a1,Slc3a1
3945,Slc3a2,Slc3a2
3946,Slc43a3,Slc43a3
3947,Slc44a3,Slc44a3
3948,Slc45a3,Slc45a3
3949,Slc46a1,Slc46a1
3950,Slc46a3,Slc46a3
3951,Slc47a1,Slc47a1
3952,Slc48a1,Slc48a1
3953,Slc4a2,Slc4a2
3954,Slc4a4,Slc4a4
3955,Slc50a1,Slc50a1
3956,Slc6a12,Slc6a12
3957,Slc6a13,Slc6a13
3958,Slc6a9,Slc6a9
3959,Slc7a2,Slc7a2
3960,Slc7a6os,Slc7a6os
3961,Slc9a3r1,Slc9a3r1
3962,Slc9a3r2,Slc9a3r2
3963,Slco1a1,Slco1a1
3964,Slco1a4,Slco1a4
3965,Slco1b2,Slco1b2
3966,Slco2a1,Slco2a1
3967,Slco2b1,Slco2b1
3968,Slmap,Slmap
3969,Sltm,Sltm
3970,Slu7,Slu7
3971,Smagp,Smagp
3972,Smap1,Smap1
3973,Smap2,Smap2
3974,Smarcad1,Smarcad1
3975,Smarcb1,Smarcb1
3976,Smc1a,Smc1a
3977,Smc3,Smc3
3978,Smc4,Smc4
3979,Smc5,Smc5
3980,Smc6,Smc6
3981,Smcr7l,Smcr7l
3982,Smek2,Smek2
3983,Smg1,Smg1
3984,Smg5,Smg5
3985,Smndc1,Smndc1
3986,Smpd1,Smpd1
3987,Smpdl3a,Smpdl3a
3988,Smu1,Smu1
3989,Smug1,Smug1
3990,Smurf2,Smurf2
3991,Smyd2,Smyd2
3992,Smyd5,Smyd5
3993,Snap47,Snap47
3994,Snapin,Snapin
3995,Snd1,Snd1
3996,Snf8,Snf8
3997,Snip1,Snip1
3998,Snrk,Snrk
3999,Snrnp200,Snrnp200
4000,Snrnp27,Snrnp27
4001,Snrnp40,Snrnp40
4002,Snrnp48,Snrnp48
4003,Snrnp70,Snrnp70
4004,Snrpa,Snrpa
4005,Snrpa1,Snrpa1
4006,Snrpb,Snrpb
4007,Snrpb2,Snrpb2
4008,Snrpd1,Snrpd1
4009,Snrpd2,Snrpd2
4010,Snrpd3,Snrpd3
4011,Snrpe,Snrpe
4012,Snrpf,Snrpf
4013,Snrpg,Snrpg
4014,Snta1,Snta1
4015,Snw1,Snw1
4016,Snx12,Snx12
4017,Snx13,Snx13
4018,Snx14,Snx14
4019,Snx17,Snx17
4020,Snx2,Snx2
4021,Snx24,Snx24
4022,Snx33,Snx33
4023,Snx4,Snx4
4024,Snx5,Snx5
4025,Snx6,Snx6
4026,Snx7,Snx7
4027,Snx9,Snx9
4028,Soat2,Soat2
4029,Socs4,Socs4
4030,Sod1,Sod1
4031,Sod3,Sod3
4032,Sorbs1,Sorbs1
4033,Sorbs2,Sorbs2
4034,Sorbs3,Sorbs3
4035,Sos1,Sos1
4036,Sowahb,Sowahb
4037,Spag9,Spag9
4038,Sparc,Sparc
4039,Spast,Spast
4040,Spc24,Spc24
4041,Specc1l,Specc1l
4042,Spg11,Spg11
4043,Spg20,Spg20
4044,Spg21,Spg21
4045,Sphk2,Sphk2
4046,Spint2,Spint2
4047,Spna2,Spna2
4048,Spnb2,Spnb2
4049,Spnb3,Spnb3
4050,Spns1,Spns1
4051,Spop,Spop
4052,Spp1,Spp1
4053,Spp2,Spp2
4054,Spr,Spr
4055,Spred1,Spred1
4056,Spryd4,Spryd4
4057,Sptlc2,Sptlc2
4058,Spty2d1,Spty2d1
4059,Sqrdl,Sqrdl
4060,Sqstm1,Sqstm1
4061,Srbd1,Srbd1
4062,Srcap,Srcap
4063,Srd5a1,Srd5a1
4064,Srek1,Srek1
4065,Srek1ip1,Srek1ip1
4066,Srfbp1,Srfbp1
4067,Sri,Sri
4068,Srm,Srm
4069,Srp14,Srp14
4070,Srp19,Srp19
4071,Srp72,Srp72
4072,Srp9,Srp9
4073,Srpk1,Srpk1
4074,Srpk2,Srpk2
4075,Srpr,Srpr
4076,Srr,Srr
4077,Srrm1,Srrm1
4078,Srrm2,Srrm2
4079,Srsf1,Srsf1
4080,Srsf10,Srsf10
4081,Srsf11,Srsf11
4082,Srsf3,Srsf3
4083,Srsf4,Srsf4
4084,Srsf6,Srsf6
4085,Srsf7,Srsf7
4086,Srsf9,Srsf9
4087,Ss18,Ss18
4088,Ssb,Ssb
4089,Ssbp1,Ssbp1
4090,Ssh3,Ssh3
4091,Ssna1,Ssna1
4092,Ssr3,Ssr3
4093,St3gal3,St3gal3
4094,St3gal5,St3gal5
4095,St5,St5
4096,St6galnac6,St6galnac6
4097,St7l,St7l
4098,Stag1,Stag1
4099,Stag2,Stag2
4100,Stam,Stam
4101,Stambp,Stambp
4102,Stap2,Stap2
4103,Stard10,Stard10
4104,Stard3,Stard3
4105,Stat2,Stat2
4106,Stbd1,Stbd1
4107,Steap3,Steap3
4108,Steap4,Steap4
4109,Stip1,Stip1
4110,Stk11,Stk11
4111,Stk38,Stk38
4112,Stk38l,Stk38l
4113,Stk4,Stk4
4114,Stmn1,Stmn1
4115,Stom,Stom
4116,Stoml2,Stoml2
4117,Stra13,Stra13
4118,Strap,Strap
4119,Strn3,Strn3
4120,Strn4,Strn4
4121,Stt3a,Stt3a
4122,Stx16,Stx16
4123,Stx18,Stx18
4124,Stx7,Stx7
4125,Stxbp3a,Stxbp3a
4126,Sucla2,Sucla2
4127,Sucnr1,Sucnr1
4128,Sult1a1,Sult1a1
4129,Sult1b1,Sult1b1
4130,Sult1d1,Sult1d1
4131,Sumf2,Sumf2
4132,Sumo1,Sumo1
4133,Sumo2,Sumo2
4134,Sun2,Sun2
4135,Supt16h,Supt16h
4136,Supt6h,Supt6h
4137,Supv3l1,Supv3l1
4138,Surf4,Surf4
4139,Surf6,Surf6
4140,Svip,Svip
4141,Swi5,Swi5
4142,Syf2,Syf2
4143,Syncrip,Syncrip
4144,Syngr2,Syngr2
4145,Sypl,Sypl
4146,Tab2,Tab2
4147,Tacc2,Tacc2
4148,Tada3,Tada3
4149,Taf15,Taf15
4150,Taf5l,Taf5l
4151,Tagln,Tagln
4152,Tagln2,Tagln2
4153,Taldo1,Taldo1
4154,Tank,Tank
4155,Taok3,Taok3
4156,Tap2,Tap2
4157,Tapbp,Tapbp
4158,Tapbpl,Tapbpl
4159,Tarbp2,Tarbp2
4160,Tars,Tars
4161,Tars2,Tars2
4162,Tarsl2,Tarsl2
4163,Tat,Tat
4164,Tatdn1,Tatdn1
4165,Tax1bp3,Tax1bp3
4166,Taz,Taz
4167,Tbc1d13,Tbc1d13
4168,Tbc1d15,Tbc1d15
4169,Tbc1d17,Tbc1d17
4170,Tbc1d22a,Tbc1d22a
4171,Tbc1d24,Tbc1d24
4172,Tbc1d2b,Tbc1d2b
4173,Tbc1d5,Tbc1d5
4174,Tbc1d8,Tbc1d8
4175,Tbc1d8b,Tbc1d8b
4176,Tbca,Tbca
4177,Tbcd,Tbcd
4178,Tbcel,Tbcel
4179,Tbk1,Tbk1
4180,Tbl3,Tbl3
4181,Tbpl1,Tbpl1
4182,Tbrg4,Tbrg4
4183,Tceb1,Tceb1
4184,Tceb2,Tceb2
4185,Tcerg1,Tcerg1
4186,Tcirg1,Tcirg1
4187,Tcn2,Tcn2
4188,Tcp1,Tcp1
4189,Tcp11l2,Tcp11l2
4190,Tcta,Tcta
4191,Tdg,Tdg
4192,Tdo2,Tdo2
4193,Tec,Tec
4194,Tecr,Tecr
4195,Tenc1,Tenc1
4196,Terf1,Terf1
4197,Tesk2,Tesk2
4198,Tex261,Tex261
4199,Tex264,Tex264
4200,Tff3,Tff3
4201,Tfpi2,Tfpi2
4202,Tfr2,Tfr2
4203,Tfrc,Tfrc
4204,Tgfbr1,Tgfbr1
4205,Tgfbr2,Tgfbr2
4206,Tgfbrap1,Tgfbrap1
4207,Tgm1,Tgm1
4208,Tgm2,Tgm2
4209,Tgoln1,Tgoln1
4210,Tgs1,Tgs1
4211,Th1l,Th1l
4212,Thap2,Thap2
4213,Thap6,Thap6
4214,Them4,Them4
4215,Thnsl2,Thnsl2
4216,Thoc2,Thoc2
4217,Thoc3,Thoc3
4218,Thoc5,Thoc5
4219,Thoc6,Thoc6
4220,Thoc7,Thoc7
4221,Thpo,Thpo
4222,Thrap3,Thrap3
4223,Thrsp,Thrsp
4224,Thtpa,Thtpa
4225,Thumpd1,Thumpd1
4226,Thumpd3,Thumpd3
4227,Thyn1,Thyn1
4228,Ticam1,Ticam1
4229,Tifa,Tifa
4230,Tigd2,Tigd2
4231,Timd2,Timd2
4232,Timm10,Timm10
4233,Timm13,Timm13
4234,Timm17a,Timm17a
4235,Timm22,Timm22
4236,Timm23,Timm23
4237,Timm8a1,Timm8a1
4238,Timm9,Timm9
4239,Tinagl1,Tinagl1
4240,Tipin,Tipin
4241,Tjp1,Tjp1
4242,Tjp3,Tjp3
4243,Tk2,Tk2
4244,Tkt,Tkt
4245,Tlcd1,Tlcd1
4246,Tlcd2,Tlcd2
4247,Tlk1,Tlk1
4248,Tlk2,Tlk2
4249,Tln1,Tln1
4250,Tm2d2,Tm2d2
4251,Tm4sf4,Tm4sf4
4252,Tm6sf2,Tm6sf2
4253,Tm9sf4,Tm9sf4
4254,Tmbim1,Tmbim1
4255,Tmbim6,Tmbim6
4256,Tmco4,Tmco4
4257,Tmed1,Tmed1
4258,Tmed10,Tmed10
4259,Tmed5,Tmed5
4260,Tmem102,Tmem102
4261,Tmem106b,Tmem106b
4262,Tmem109,Tmem109
4263,Tmem11,Tmem11
4264,Tmem110,Tmem110
4265,Tmem120a,Tmem120a
4266,Tmem123,Tmem123
4267,Tmem125,Tmem125
4268,Tmem128,Tmem128
4269,Tmem131,Tmem131
4270,Tmem140,Tmem140
4271,Tmem141,Tmem141
4272,Tmem143,Tmem143
4273,Tmem147,Tmem147
4274,Tmem161b,Tmem161b
4275,Tmem167,Tmem167
4276,Tmem170,Tmem170
4277,Tmem176a,Tmem176a
4278,Tmem179b,Tmem179b
4279,Tmem183a,Tmem183a
4280,Tmem19,Tmem19
4281,Tmem199,Tmem199
4282,Tmem20,Tmem20
4283,Tmem203,Tmem203
4284,Tmem204,Tmem204
4285,Tmem205,Tmem205
4286,Tmem214,Tmem214
4287,Tmem219,Tmem219
4288,Tmem25,Tmem25
4289,Tmem30a,Tmem30a
4290,Tmem30b,Tmem30b
4291,Tmem33,Tmem33
4292,Tmem37,Tmem37
4293,Tmem38b,Tmem38b
4294,Tmem39a,Tmem39a
4295,Tmem41a,Tmem41a
4296,Tmem42,Tmem42
4297,Tmem48,Tmem48
4298,Tmem53,Tmem53
4299,Tmem55b,Tmem55b
4300,Tmem56,Tmem56
4301,Tmem63a,Tmem63a
4302,Tmem63b,Tmem63b
4303,Tmem69,Tmem69
4304,Tmem8,Tmem8
4305,Tmem82,Tmem82
4306,Tmem98,Tmem98
4307,Tmem9b,Tmem9b
4308,Tmod3,Tmod3
4309,Tmprss2,Tmprss2
4310,Tmprss6,Tmprss6
4311,Tmsb10,Tmsb10
4312,Tmx1,Tmx1
4313,Tmx3,Tmx3
4314,Tnfaip2,Tnfaip2
4315,Tnfrsf1a,Tnfrsf1a
4316,Tnfrsf1b,Tnfrsf1b
4317,Tnip1,Tnip1
4318,Tnks1bp1,Tnks1bp1
4319,Tnks2,Tnks2
4320,Tnpo2,Tnpo2
4321,Tnpo3,Tnpo3
4322,Tnrc6a,Tnrc6a
4323,Tns1,Tns1
4324,Tob1,Tob1
4325,Toe1,Toe1
4326,Tomm20,Tomm20
4327,Tomm34,Tomm34
4328,Tomm40,Tomm40
4329,Tomm7,Tomm7
4330,Tomm70a,Tomm70a
4331,Top1,Top1
4332,Top1mt,Top1mt
4333,Top2b,Top2b
4334,Top3b,Top3b
4335,Topbp1,Topbp1
4336,Tor1aip2,Tor1aip2
4337,Tox4,Tox4
4338,Tpcn1,Tpcn1
4339,Tpd52,Tpd52
4340,Tpd52l1,Tpd52l1
4341,Tpi1,Tpi1
4342,Tpk1,Tpk1
4343,Tpm1,Tpm1
4344,Tpm4,Tpm4
4345,Tpmt,Tpmt
4346,Tpp1,Tpp1
4347,Tpp2,Tpp2
4348,Tpr,Tpr
4349,Tpra1,Tpra1
4350,Tprgl,Tprgl
4351,Tprkb,Tprkb
4352,Tpst1,Tpst1
4353,Tpt1,Tpt1
4354,Tra2a,Tra2a
4355,Tra2b,Tra2b
4356,Trabd,Trabd
4357,Tradd,Tradd
4358,Traf4,Traf4
4359,Traf6,Traf6
4360,Tram1,Tram1
4361,Trappc1,Trappc1
4362,Trappc10,Trappc10
4363,Trappc6b,Trappc6b
4364,Trf,Trf
4365,Trim2,Trim2
4366,Trim25,Trim25
4367,Trim26,Trim26
4368,Trim44,Trim44
4369,Trim8,Trim8
4370,Trip10,Trip10
4371,Trip11,Trip11
4372,Trip4,Trip4
4373,Trit1,Trit1
4374,Trmt1,Trmt1
4375,Trmt11,Trmt11
4376,Trmt2a,Trmt2a
4377,Trmt2b,Trmt2b
4378,Trmt5,Trmt5
4379,Trmt6,Trmt6
4380,Trnau1ap,Trnau1ap
4381,Trnt1,Trnt1
4382,Trp53bp2,Trp53bp2
4383,Trp53inp2,Trp53inp2
4384,Trpc4ap,Trpc4ap
4385,Trpm7,Trpm7
4386,Tsc2,Tsc2
4387,Tsc22d2,Tsc22d2
4388,Tsc22d3,Tsc22d3
4389,Tsen15,Tsen15
4390,Tsen34,Tsen34
4391,Tsn,Tsn
4392,Tspan12,Tspan12
4393,Tspan4,Tspan4
4394,Tspan9,Tspan9
4395,Tspo,Tspo
4396,Tspyl2,Tspyl2
4397,Tsr1,Tsr1
4398,Tsr2,Tsr2
4399,Tssc4,Tssc4
4400,Tst,Tst
4401,Tsta3,Tsta3
4402,Tstd1,Tstd1
4403,Ttc1,Ttc1
4404,Ttc13,Ttc13
4405,Ttc14,Ttc14
4406,Ttc15,Ttc15
4407,Ttc17,Ttc17
4408,Ttc19,Ttc19
4409,Ttc23,Ttc23
4410,Ttc27,Ttc27
4411,Ttc32,Ttc32
4412,Ttc33,Ttc33
4413,Ttc36,Ttc36
4414,Ttc37,Ttc37
4415,Ttc39c,Ttc39c
4416,Ttc4,Ttc4
4417,Ttc7,Ttc7
4418,Ttc7b,Ttc7b
4419,Ttc9c,Ttc9c
4420,Tti1,Tti1
4421,Ttll12,Ttll12
4422,Ttll4,Ttll4
4423,Ttpa,Ttpa
4424,Ttr,Ttr
4425,Tuba1a,Tuba1a
4426,Tuba1b,Tuba1b
4427,Tubb2b,Tubb2b
4428,Tubb4b,Tubb4b
4429,Tubb5,Tubb5
4430,Tubg1,Tubg1
4431,Tubgcp2,Tubgcp2
4432,Tufm,Tufm
4433,Tuft1,Tuft1
4434,Tusc3,Tusc3
4435,Tut1,Tut1
4436,Twf1,Twf1
4437,Twistnb,Twistnb
4438,Twsg1,Twsg1
4439,Txlna,Txlna
4440,Txlng,Txlng
4441,Txn2,Txn2
4442,Txndc17,Txndc17
4443,Txndc9,Txndc9
4444,Txnl1,Txnl1
4445,Txnrd1,Txnrd1
4446,Txnrd2,Txnrd2
4447,Tyk2,Tyk2
4448,Tyrobp,Tyrobp
4449,U2af1,U2af1
4450,U2af2,U2af2
4451,Uap1,Uap1
4452,Uba1,Uba1
4453,Uba2,Uba2
4454,Uba3,Uba3
4455,Uba5,Uba5
4456,Ubac1,Ubac1
4457,Ubap2,Ubap2
4458,Ubap2l,Ubap2l
4459,Ube2e1,Ube2e1
4460,Ube2e3,Ube2e3
4461,Ube2f,Ube2f
4462,Ube2g2,Ube2g2
4463,Ube2i,Ube2i
4464,Ube2j1,Ube2j1
4465,Ube2j2,Ube2j2
4466,Ube2l6,Ube2l6
4467,Ube2m,Ube2m
4468,Ube2n,Ube2n
4469,Ube2q1,Ube2q1
4470,Ube2q2,Ube2q2
4471,Ube2s,Ube2s
4472,Ube2v2,Ube2v2
4473,Ube2w,Ube2w
4474,Ube3a,Ube3a
4475,Ube3b,Ube3b
4476,Ubfd1,Ubfd1
4477,Ubl3,Ubl3
4478,Ubl5,Ubl5
4479,Ubl7,Ubl7
4480,Ubqln1,Ubqln1
4481,Ubqln4,Ubqln4
4482,Ubr2,Ubr2
4483,Ubr3,Ubr3
4484,Ubr7,Ubr7
4485,Ubtd1,Ubtd1
4486,Ubxn2a,Ubxn2a
4487,Ubxn4,Ubxn4
4488,Ubxn8,Ubxn8
4489,Uchl5,Uchl5
4490,Uck2,Uck2
4491,Ucp2,Ucp2
4492,Ufc1,Ufc1
4493,Ufsp2,Ufsp2
4494,Ugcg,Ugcg
4495,Ugp2,Ugp2
4496,Ugt2a3,Ugt2a3
4497,Ugt2b1,Ugt2b1
4498,Ugt2b34,Ugt2b34
4499,Ugt2b35,Ugt2b35
4500,Ugt2b36,Ugt2b36
4501,Ugt2b37,Ugt2b37
4502,Ugt2b5,Ugt2b5
4503,Ugt3a1,Ugt3a1
4504,Ugt3a2,Ugt3a2
4505,Uhrf2,Uhrf2
4506,Ulk2,Ulk2
4507,Umps,Umps
4508,Unc50,Unc50
4509,Unc93b1,Unc93b1
4510,Ung,Ung
4511,Unkl,Unkl
4512,Uox,Uox
4513,Upb1,Upb1
4514,Upf2,Upf2
4515,Upf3a,Upf3a
4516,Upf3b,Upf3b
4517,Upp2,Upp2
4518,Uqcc,Uqcc
4519,Uqcr11,Uqcr11
4520,Uqcrc1,Uqcrc1
4521,Uqcrc2,Uqcrc2
4522,Uqcrfs1,Uqcrfs1
4523,Uqcrh,Uqcrh
4524,Uqcrq,Uqcrq
4525,Urgcp,Urgcp
4526,Uroc1,Uroc1
4527,Urod,Urod
4528,Uros,Uros
4529,Usmg5,Usmg5
4530,Uso1,Uso1
4531,Usp1,Usp1
4532,Usp12,Usp12
4533,Usp14,Usp14
4534,Usp15,Usp15
4535,Usp18,Usp18
4536,Usp24,Usp24
4537,Usp30,Usp30
4538,Usp32,Usp32
4539,Usp33,Usp33
4540,Usp34,Usp34
4541,Usp36,Usp36
4542,Usp38,Usp38
4543,Usp39,Usp39
4544,Usp45,Usp45
4545,Usp46,Usp46
4546,Usp47,Usp47
4547,Usp48,Usp48
4548,Usp5,Usp5
4549,Usp6nl,Usp6nl
4550,Usp7,Usp7
4551,Usp9x,Usp9x
4552,Uspl1,Uspl1
4553,Utp11l,Utp11l
4554,Utp14a,Utp14a
4555,Utp15,Utp15
4556,Utp18,Utp18
4557,Utp20,Utp20
4558,Utp3,Utp3
4559,Utp6,Utp6
4560,Uxt,Uxt
4561,Vac14,Vac14
4562,Vamp2,Vamp2
4563,Vamp3,Vamp3
4564,Vamp5,Vamp5
4565,Vamp8,Vamp8
4566,Vars,Vars
4567,Vasp,Vasp
4568,Vbp1,Vbp1
4569,Vcl,Vcl
4570,Vcp,Vcp
4571,Vcpip1,Vcpip1
4572,Vdac1,Vdac1
4573,Vdac2,Vdac2
4574,Vdac3,Vdac3
4575,Vegfa,Vegfa
4576,Vegfb,Vegfb
4577,Vipr1,Vipr1
4578,Vkorc1,Vkorc1
4579,Vma21,Vma21
4580,Vmp1,Vmp1
4581,Vnn3,Vnn3
4582,Vps13b,Vps13b
4583,Vps16,Vps16
4584,Vps35,Vps35
4585,Vps37a,Vps37a
4586,Vps4a,Vps4a
4587,Vps4b,Vps4b
4588,Vps54,Vps54
4589,Vsig4,Vsig4
4590,Vtn,Vtn
4591,Vwa5a,Vwa5a
4592,Vwce,Vwce
4593,Wac,Wac
4594,Wapal,Wapal
4595,Wasf2,Wasf2
4596,Wasl,Wasl
4597,Wbp2,Wbp2
4598,Wbp4,Wbp4
4599,Wbp5,Wbp5
4600,Wbscr22,Wbscr22
4601,Wdr1,Wdr1
4602,Wdr11,Wdr11
4603,Wdr12,Wdr12
4604,Wdr13,Wdr13
4605,Wdr18,Wdr18
4606,Wdr20a,Wdr20a
4607,Wdr24,Wdr24
4608,Wdr26,Wdr26
4609,Wdr3,Wdr3
4610,Wdr33,Wdr33
4611,Wdr36,Wdr36
4612,Wdr43,Wdr43
4613,Wdr45,Wdr45
4614,Wdr45l,Wdr45l
4615,Wdr46,Wdr46
4616,Wdr48,Wdr48
4617,Wdr5,Wdr5
4618,Wdr53,Wdr53
4619,Wdr6,Wdr6
4620,Wdr61,Wdr61
4621,Wdr73,Wdr73
4622,Wdr74,Wdr74
4623,Wdr75,Wdr75
4624,Wdr77,Wdr77
4625,Wdr81,Wdr81
4626,Wdr82,Wdr82
4627,Wdr91,Wdr91
4628,Wdr92,Wdr92
4629,Wfs1,Wfs1
4630,Whsc1l1,Whsc1l1
4631,Wibg,Wibg
4632,Wipi1,Wipi1
4633,Wipi2,Wipi2
4634,Wnk1,Wnk1
4635,Wrap53,Wrap53
4636,Wrnip1,Wrnip1
4637,Wsb1,Wsb1
4638,Wtap,Wtap
4639,Wwc2,Wwc2
4640,Wwp1,Wwp1
4641,Wwtr1,Wwtr1
4642,Xab2,Xab2
4643,Xdh,Xdh
4644,Xiap,Xiap
4645,Xpnpep1,Xpnpep1
4646,Xpo1,Xpo1
4647,Xpo5,Xpo5
4648,Xpo6,Xpo6
4649,Xpo7,Xpo7
4650,Xpot,Xpot
4651,Xrcc1,Xrcc1
4652,Xrn2,Xrn2
4653,Xylb,Xylb
4654,Xylt2,Xylt2
4655,Yaf2,Yaf2
4656,Yars2,Yars2
4657,Yes1,Yes1
4658,Yif1a,Yif1a
4659,Yif1b,Yif1b
4660,Yipf2,Yipf2
4661,Yipf3,Yipf3
4662,Yipf5,Yipf5
4663,Yipf6,Yipf6
4664,Ykt6,Ykt6
4665,Ylpm1,Ylpm1
4666,Yme1l1,Yme1l1
4667,Ypel3,Ypel3
4668,Ypel5,Ypel5
4669,Yrdc,Yrdc
4670,Ythdc1,Ythdc1
4671,Ythdf1,Ythdf1
4672,Ythdf2,Ythdf2
4673,Ythdf3,Ythdf3
4674,Ywhab,Ywhab
4675,Ywhae,Ywhae
4676,Ywhaq,Ywhaq
4677,Ywhaz,Ywhaz
4678,Zadh2,Zadh2
4679,Zbp1,Zbp1
4680,Zbtb8os,Zbtb8os
4681,Zc3h11a,Zc3h11a
4682,Zc3h13,Zc3h13
4683,Zc3h14,Zc3h14
4684,Zc3h15,Zc3h15
4685,Zc3h18,Zc3h18
4686,Zc3h7a,Zc3h7a
4687,Zc3h7b,Zc3h7b
4688,Zc3hav1,Zc3hav1
4689,Zcchc14,Zcchc14
4690,Zcchc2,Zcchc2
4691,Zcchc24,Zcchc24
4692,Zcchc6,Zcchc6
4693,Zcrb1,Zcrb1
4694,Zdhhc13,Zdhhc13
4695,Zdhhc16,Zdhhc16
4696,Zdhhc3,Zdhhc3
4697,Zdhhc5,Zdhhc5
4698,Zfand2b,Zfand2b
4699,Zfand6,Zfand6
4700,Zfc3h1,Zfc3h1
4701,Zfp106,Zfp106
4702,Zfp180,Zfp180
4703,Zfp207,Zfp207
4704,Zfp259,Zfp259
4705,Zfp266,Zfp266
4706,Zfp317,Zfp317
4707,Zfp330,Zfp330
4708,Zfp335,Zfp335
4709,Zfp36l1,Zfp36l1
4710,Zfp36l2,Zfp36l2
4711,Zfp444,Zfp444
4712,Zfp53,Zfp53
4713,Zfp598,Zfp598
4714,Zfp62,Zfp62
4715,Zfp622,Zfp622
4716,Zfp68,Zfp68
4717,Zfp706,Zfp706
4718,Zfp707,Zfp707
4719,Zfp740,Zfp740
4720,Zfp809,Zfp809
4721,Zfp828,Zfp828
4722,Zfp871,Zfp871
4723,Zfp91,Zfp91
4724,Zfp930,Zfp930
4725,Zfp942,Zfp942
4726,Zfp944,Zfp944
4727,Zfp946,Zfp946
4728,Zfp954,Zfp954
4729,Zfp958,Zfp958
4730,Zfp959,Zfp959
4731,Zfpl1,Zfpl1
4732,Zmat5,Zmat5
4733,Zmiz2,Zmiz2
4734,Zmpste24,Zmpste24
4735,Zmym2,Zmym2
4736,Zmym5,Zmym5
4737,Zmynd11,Zmynd11
4738,Znf512b,Znf512b
4739,Znfx1,Znfx1
4740,Znhit1,Znhit1
4741,Znrd1as,Znrd1as
4742,Zranb2,Zranb2
4743,Zrsr1,Zrsr1
4744,Zswim7,Zswim7
4745,Zw10,Zw10
4746,Zwint,Zwint
4747,Zyx,Zyx
4748,l7Rn6,l7Rn6
